,Custom_Normalized,Target
0,0.9324277823799413,0.931413686930155
1,0.931413686930155,0.928479088966179
2,0.928479088966179,0.9331061685267142
3,0.9331061685267142,0.9321979516038378
4,0.9321979516038378,0.9317855188152919
5,0.9317855188152919,0.9331058627398947
6,0.9331058627398947,0.9212329313771043
7,0.9212329313771043,0.9299850430465306
8,0.9299850430465306,0.9338371881501225
9,0.9338371881501225,0.9319181897075858
10,0.9319181897075858,0.9277369044051139
11,0.9277369044051139,0.929471243946035
12,0.929471243946035,0.9292609322077496
13,0.9292609322077496,0.9206466152192163
14,0.9206466152192163,0.9015537906776603
15,0.9015537906776603,0.8966312969307011
16,0.8966312969307011,0.9011765292171047
17,0.9011765292171047,0.8916476732322621
18,0.8916476732322621,0.900548966688494
19,0.900548966688494,0.8942450578215717
20,0.8942450578215717,0.8739344539521964
21,0.8739344539521964,0.879620436294067
22,0.879620436294067,0.8771864404662012
23,0.8771864404662012,0.886954151657067
24,0.886954151657067,0.8975882218264475
25,0.8975882218264475,0.8982250558156781
26,0.8982250558156781,0.9070878640137936
27,0.9070878640137936,0.9061315258292417
28,0.9061315258292417,0.910498668318163
29,0.910498668318163,0.914013905833908
30,0.914013905833908,0.9143186502370713
31,0.9143186502370713,0.9078173795655486
32,0.9078173795655486,0.9124059738679674
33,0.9124059738679674,0.9099863732893206
34,0.9099863732893206,0.914733785382104
35,0.914733785382104,0.9128147869395674
36,0.9128147869395674,0.9121135678248501
37,0.9121135678248501,0.9157876231309596
38,0.9157876231309596,0.917550753170319
39,0.917550753170319,0.9102264267801776
40,0.9102264267801776,0.9230698445460388
41,0.9230698445460388,0.9223012321625281
42,0.9223012321625281,0.9231306099545796
43,0.9231306099545796,0.9228962669635162
44,0.9228962669635162,0.9217570209797025
45,0.9217570209797025,0.9164446216253223
46,0.9164446216253223,0.9159984628243202
47,0.9159984628243202,0.904756102133447
48,0.904756102133447,0.9015278998415199
49,0.9015278998415199,0.9093269285004013
50,0.9093269285004013,0.915065908861846
51,0.915065908861846,0.908819757260158
52,0.908819757260158,0.913509412087707
53,0.913509412087707,0.9101464232581935
54,0.9101464232581935,0.9050554169611916
55,0.9050554169611916,0.9082722321472061
56,0.9082722321472061,0.9012656000939131
57,0.9012656000939131,0.8988508175170458
58,0.8988508175170458,0.9022601177497619
59,0.9022601177497619,0.9086247920252252
60,0.9086247920252252,0.9142482578562013
61,0.9142482578562013,0.9161173251785896
62,0.9161173251785896,0.914371598531756
63,0.914371598531756,0.90225318410269
64,0.90225318410269,0.89188205914823
65,0.89188205914823,0.8944923349151055
66,0.8944923349151055,0.9035043836561457
67,0.9035043836561457,0.8839638374858151
68,0.8839638374858151,0.874873008370069
69,0.874873008370069,0.8813339839250023
70,0.8813339839250023,0.8865675441485574
71,0.8865675441485574,0.8951512020240603
72,0.8951512020240603,0.8956532494757043
73,0.8956532494757043,0.8983213412639333
74,0.8983213412639333,0.9012878553818928
75,0.9012878553818928,0.8985650144717361
76,0.8985650144717361,0.8993943922637877
77,0.8993943922637877,0.8913528886819373
78,0.8913528886819373,0.8935348323393943
79,0.8935348323393943,0.8970981323606956
80,0.8970981323606956,0.8990827142135525
81,0.8990827142135525,0.8982323133120294
82,0.8982323133120294,0.8962892248605955
83,0.8962892248605955,0.8972630251937925
84,0.8972630251937925,0.8883887711336452
85,0.8883887711336452,0.89271742836445
86,0.89271742836445,0.8907551266620175
87,0.8907551266620175,0.8914064146565867
88,0.8914064146565867,0.899431713130745
89,0.899431713130745,0.899096250858432
90,0.899096250858432,0.8940823325899017
91,0.8940823325899017,0.8848518989347894
92,0.8848518989347894,0.8875055367176801
93,0.8875055367176801,0.890260235025701
94,0.890260235025701,0.8836434498237097
95,0.8836434498237097,0.8902392119162295
96,0.8902392119162295,0.8916654343677418
97,0.8916654343677418,0.8948148562849632
98,0.8948148562849632,0.8995719043813054
99,0.8995719043813054,0.8978261777344718
100,0.8978261777344718,0.902039320434808
101,0.902039320434808,0.9030226980154445
102,0.9030226980154445,0.9029760808254225
103,0.9029760808254225,0.9019042281104019
104,0.9019042281104019,0.902935785708833
105,0.902935785708833,0.9082704064575184
106,0.9082704064575184,0.9118722504930553
107,0.9118722504930553,0.9120326311111924
108,0.9120326311111924,0.9110811109284199
109,0.9110811109284199,0.9070394301653137
110,0.9070394301653137,0.8996861957644957
111,0.8996861957644957,0.9018777754255117
112,0.9018777754255117,0.9019370367623993
113,0.9019370367623993,0.9032429266816637
114,0.9032429266816637,0.9097375694929339
115,0.9097375694929339,0.9102204036935796
116,0.9102204036935796,0.9111316287597627
117,0.9111316287597627,0.9102859871039
118,0.9102859871039,0.9034862941026469
119,0.9034862941026469,0.9073625292151362
120,0.9073625292151362,0.9055301372923914
121,0.9055301372923914,0.9066098161524979
122,0.9066098161524979,0.9055379634374774
123,0.9055379634374774,0.9111180672524384
124,0.9111180672524384,0.911023328800741
125,0.911023328800741,0.9155108038219103
126,0.9155108038219103,0.911040790949386
127,0.911040790949386,0.9036105272762156
128,0.9036105272762156,0.9072797645805457
129,0.9072797645805457,0.9026364799123183
130,0.9026364799123183,0.9033069811578861
131,0.9033069811578861,0.9071735802668163
132,0.9071735802668163,0.904614433904923
133,0.904614433904923,0.9078841295982731
134,0.9078841295982731,0.8958764704540154
135,0.8958764704540154,0.9048307031737023
136,0.9048307031737023,0.9019009232115056
137,0.9019009232115056,0.9059456121179184
138,0.9059456121179184,0.9069001404439974
139,0.9069001404439974,0.9066465254458161
140,0.9066465254458161,0.9012860048297605
141,0.9012860048297605,0.9008399047848777
142,0.9008399047848777,0.8958066557531101
143,0.8958066557531101,0.8951439218965093
144,0.8951439218965093,0.8754590706972717
145,0.8754590706972717,0.8720816278624197
146,0.8720816278624197,0.878022729274125
147,0.878022729274125,0.8682628442283452
148,0.8682628442283452,0.8675568071118483
149,0.8675568071118483,0.8617005023614621
150,0.8617005023614621,0.8715789100810171
151,0.8715789100810171,0.8734239461506274
152,0.8734239461506274,0.8711776173676835
153,0.8711776173676835,0.8766999639174101
154,0.8766999639174101,0.8800515656410111
155,0.8800515656410111,0.8792733172539416
156,0.8792733172539416,0.8865813797802717
157,0.8865813797802717,0.8906067966795664
158,0.8906067966795664,0.8922496529427971
159,0.8922496529427971,0.8943497493261227
160,0.8943497493261227,0.8917183916936565
161,0.8917183916936565,0.8955801728008074
162,0.8955801728008074,0.8958704631986322
163,0.8958704631986322,0.8951980933384723
164,0.8951980933384723,0.8928507040303983
165,0.8928507040303983,0.8953214340140271
166,0.8953214340140271,0.8940763095033036
167,0.8940763095033036,0.8926049151773031
168,0.8926049151773031,0.8904067664121539
169,0.8904067664121539,0.8945284258347995
170,0.8945284258347995,0.890838165420998
171,0.890838165420998,0.8838122026044679
172,0.8838122026044679,0.8865813549178271
173,0.8865813549178271,0.8867080095235079
174,0.8867080095235079,0.8802549188697799
175,0.8802549188697799,0.8788557358143522
176,0.8788557358143522,0.8852829853568291
177,0.8852829853568291,0.8858091228173707
178,0.8858091228173707,0.8898008724603286
179,0.8898008724603286,0.8886183232166189
180,0.8886183232166189,0.8801436107674515
181,0.8801436107674515,0.8738781871586456
182,0.8738781871586456,0.8806327670415299
183,0.8806327670415299,0.8643604712490153
184,0.8643604712490153,0.8717551990512563
185,0.8717551990512563,0.8686040260316815
186,0.8686040260316815,0.8652314011986091
187,0.8652314011986091,0.8519337514559595
188,0.8519337514559595,0.8512180783359038
189,0.8512180783359038,0.8609568815160928
190,0.8609568815160928,0.8587538559930449
191,0.8587538559930449,0.8437282475390262
192,0.8437282475390262,0.8592719202778
193,0.8592719202778,0.8389708936558644
194,0.8389708936558644,0.8276226544380815
195,0.8276226544380815,0.8117932035164428
196,0.8117932035164428,0.8124974307744667
197,0.8124974307744667,0.8044559271926163
198,0.8044559271926163,0.8038654046065881
199,0.8038654046065881,0.8146968365805688
200,0.8146968365805688,0.8222792901838514
201,0.8222792901838514,0.8394979823705393
202,0.8394979823705393,0.8319570221686798
203,0.8319570221686798,0.8426488496032947
204,0.8426488496032947,0.8485514657568834
205,0.8485514657568834,0.8464110742569686
206,0.8464110742569686,0.8569633559083366
207,0.8569633559083366,0.8549192069317726
208,0.8549192069317726,0.8601431311517688
209,0.8601431311517688,0.8706857767995779
210,0.8706857767995779,0.8698497711472741
211,0.8698497711472741,0.8663808450347315
212,0.8663808450347315,0.8711811963909698
213,0.8711811963909698,0.8741380745053703
214,0.8741380745053703,0.8737593677292808
215,0.8737593677292808,0.8760904931735435
216,0.8760904931735435,0.8760535119870803
217,0.8760535119870803,0.8746446929280937
218,0.8746446929280937,0.8744440171933673
219,0.8744440171933673,0.8739593731342488
220,0.8739593731342488,0.873960877205902
221,0.873960877205902,0.8782847751910466
222,0.8782847751910466,0.8760817496679987
223,0.8760817496679987,0.8773010330674712
224,0.8773010330674712,0.8817548408323035
225,0.8817548408323035,0.8838789684684072
226,0.8838789684684072,0.8820129680454447
227,0.8820129680454447,0.8840842151742127
228,0.8840842151742127,0.8808271048716089
229,0.8808271048716089,0.8733101759225275
230,0.8733101759225275,0.8788999744971666
231,0.8788999744971666,0.8819242458803603
232,0.8819242458803603,0.880043673939821
233,0.880043673939821,0.8809838657728002
234,0.8809838657728002,0.8730145147054033
235,0.8730145147054033,0.8720581765208513
236,0.8720581765208513,0.8551264608018618
237,0.8551264608018618,0.8588293653625291
238,0.8588293653625291,0.842224979983947
239,0.842224979983947,0.8353916197263569
240,0.8353916197263569,0.8265414556751068
241,0.8265414556751068,0.8451463809835374
242,0.8451463809835374,0.8676933718454782
243,0.8676933718454782,0.8715069729348344
244,0.8715069729348344,0.8745842423376022
245,0.8745842423376022,0.8756109231781347
246,0.8756109231781347,0.8747508275169336
247,0.8747508275169336,0.8773467667907091
248,0.8773467667907091,0.8774926934035078
249,0.8774926934035078,0.8718530224648396
250,0.8718530224648396,0.8608079060663281
251,0.8608079060663281,0.8597505073566459
252,0.8597505073566459,0.8409223791323641
253,0.8409223791323641,0.8315523996940053
254,0.8315523996940053,0.8420421060783596
255,0.8420421060783596,0.8587649553745977
256,0.8587649553745977,0.8497030930256476
257,0.8497030930256476,0.8410165647665416
258,0.8410165647665416,0.8377787264710557
259,0.8377787264710557,0.8313977883317811
260,0.8313977883317811,0.8217245685619123
261,0.8217245685619123,0.8338796583906221
262,0.8338796583906221,0.8346657329227776
263,0.8346657329227776,0.8385515452827065
264,0.8385515452827065,0.8527666834088526
265,0.8527666834088526,0.8465928018338565
266,0.8465928018338565,0.8484089298927899
267,0.8484089298927899,0.8344325882165479
268,0.8344325882165479,0.8205284578108785
269,0.8205284578108785,0.8289965423997934
270,0.8289965423997934,0.8156363173901301
271,0.8156363173901301,0.8273630163533021
272,0.8273630163533021,0.8406877642481556
273,0.8406877642481556,0.8358663310263267
274,0.8358663310263267,0.8452585906151099
275,0.8452585906151099,0.841144698581431
276,0.841144698581431,0.8362222048344718
277,0.8362222048344718,0.8460188240360145
278,0.8460188240360145,0.8452694249035025
279,0.8452694249035025,0.8541514463526166
280,0.8541514463526166,0.8575270793289956
281,0.8575270793289956,0.8584190911441802
282,0.8584190911441802,0.8573808469293773
283,0.8573808469293773,0.8555869990208683
284,0.8555869990208683,0.86105164706148
285,0.86105164706148,0.8600230388502361
286,0.8600230388502361,0.862103921982563
287,0.862103921982563,0.8606037371581243
288,0.8606037371581243,0.8583814396279585
289,0.8583814396279585,0.8546574532017008
290,0.8546574532017008,0.8601412557371917
291,0.8601412557371917,0.8547952478825938
292,0.8547952478825938,0.8496224530675796
293,0.8496224530675796,0.8501101052700046
294,0.8501101052700046,0.8350555888053093
295,0.8350555888053093,0.838267527233425
296,0.838267527233425,0.8205705718171705
297,0.8205705718171705,0.8179632454374824
298,0.8179632454374824,0.8296177331300819
299,0.8296177331300819,0.8228565253869453
300,0.8228565253869453,0.8355122173517651
301,0.8355122173517651,0.8314657773429988
302,0.8314657773429988,0.8428844179728815
303,0.8428844179728815,0.8372399290324338
304,0.8372399290324338,0.8455829218434405
305,0.8455829218434405,0.8430910512381018
306,0.8430910512381018,0.836151812453602
307,0.836151812453602,0.8207748424063981
308,0.8207748424063981,0.8176957631451574
309,0.8176957631451574,0.8193194061573892
310,0.8193194061573892,0.830738046787272
311,0.830738046787272,0.8211851007935321
312,0.8211851007935321,0.8165177261164075
313,0.8165177261164075,0.8192965144333256
314,0.8192965144333256,0.8251510680813583
315,0.8251510680813583,0.8223656519041879
316,0.8223656519041879,0.8243260849920282
317,0.8243260849920282,0.8280723515687104
318,0.8280723515687104,0.8325887933566758
319,0.8325887933566758,0.8272330319862804
320,0.8272330319862804,0.8281539518121417
321,0.8281539518121417,0.8326269140718534
322,0.8326269140718534,0.8311170932438557
323,0.8311170932438557,0.8189361035477759
324,0.8189361035477759,0.8274667634037046
325,0.8274667634037046,0.8252494013875569
326,0.8252494013875569,0.8296646651381535
327,0.8296646651381535,0.8313363706559416
328,0.8313363706559416,0.8329070156485994
329,0.8329070156485994,0.8279652498945224
330,0.8279652498945224,0.8300557690304082
331,0.8300557690304082,0.8255279988926496
332,0.8255279988926496,0.8145358805137122
333,0.8145358805137122,0.8247801038317909
334,0.8247801038317909,0.8270438360072604
335,0.8270438360072604,0.8142756376552786
336,0.8142756376552786,0.8090739348295874
337,0.8090739348295874,0.8121319322252375
338,0.8121319322252375,0.8249368647329822
339,0.8249368647329822,0.8190324387209205
340,0.8190324387209205,0.8153229063000011
341,0.8153229063000011,0.8142942980887572
342,0.8142942980887572,0.824461550890603
343,0.824461550890603,0.8245255714731509
344,0.8245255714731509,0.8269192721844274
345,0.8269192721844274,0.8255394198922368
346,0.8255394198922368,0.8238659045159757
347,0.8238659045159757,0.8255376100337638
348,0.8255376100337638,0.8225259827974356
349,0.8225259827974356,0.811283563350443
350,0.811283563350443,0.8198431312170487
351,0.8198431312170487,0.8178278902511613
352,0.8178278902511613,0.8106575048934858
353,0.8106575048934858,0.8120260288358832
354,0.8120260288358832,0.8102803609451688
355,0.8102803609451688,0.8117114013984607
356,0.8117114013984607,0.8022162714260743
357,0.8022162714260743,0.8000469719154827
358,0.8000469719154827,0.7928044340433538
359,0.7928044340433538,0.7925026390273777
360,0.7925026390273777,0.8038394911392481
361,0.8038394911392481,0.8048807434973575
362,0.8048807434973575,0.7970606329728855
363,0.7970606329728855,0.7916807815935928
364,0.7916807815935928,0.7966689175069916
365,0.7966689175069916,0.797945899415579
366,0.797945899415579,0.8072370984792321
367,0.8072370984792321,0.8011016434062331
368,0.8011016434062331,0.8065711094486243
369,0.8065711094486243,0.8065003434935856
370,0.8065003434935856,0.7982615368632542
371,0.7982615368632542,0.7945230964316581
372,0.7945230964316581,0.7934078817006223
373,0.7934078817006223,0.771581017417578
374,0.771581017417578,0.7734935055121008
375,0.7734935055121008,0.7796607592268445
376,0.7796607592268445,0.7786322685278393
377,0.7786322685278393,0.7740515003705064
378,0.7740515003705064,0.779386179875311
379,0.779386179875311,0.7619827700308882
380,0.7619827700308882,0.7634908397565323
381,0.7634908397565323,0.7749528424024303
382,0.7749528424024303,0.7852933082438598
383,0.7852933082438598,0.7890731833207597
384,0.7890731833207597,0.7876066069965386
385,0.7876066069965386,0.7950158475602376
386,0.7950158475602376,0.7954264117341912
387,0.7954264117341912,0.7954953678307569
388,0.7954953678307569,0.7904091795355346
389,0.7904091795355346,0.7872531297580609
390,0.7872531297580609,0.7807566770883176
391,0.7807566770883176,0.7692062580641551
392,0.7692062580641551,0.7627049873926325
393,0.7627049873926325,0.7743114125796757
394,0.7743114125796757,0.7809649319374299
395,0.7809649319374299,0.7802732313140329
396,0.7802732313140329,0.7772472675846048
397,0.7772472675846048,0.7737350382121664
398,0.7737350382121664,0.770742682982956
399,0.770742682982956,0.7731604737031299
400,0.7731604737031299,0.764603913979831
401,0.764603913979831,0.7610002600858212
402,0.7610002600858212,0.7730878978896183
403,0.7730878978896183,0.7626879236806009
404,0.7626879236806009,0.7629204568131914
405,0.7629204568131914,0.760919552340404
406,0.760919552340404,0.7641219722771994
407,0.7641219722771994,0.7686479325564852
408,0.7686479325564852,0.7652704897216333
409,0.7652704897216333,0.7562182633762421
410,0.7562182633762421,0.7343769450878593
411,0.7343769450878593,0.7024470248538749
412,0.7024470248538749,0.6643367834592231
413,0.6643367834592231,0.6512942527864081
414,0.6512942527864081,0.6856627398193376
415,0.6856627398193376,0.7076369760307146
416,0.7076369760307146,0.707498875563002
417,0.707498875563002,0.6987450127912218
418,0.6987450127912218,0.6699484976413477
419,0.6699484976413477,0.6860793790360237
420,0.6860793790360237,0.6864515167079801
421,0.6864515167079801,0.6713344249762709
422,0.6713344249762709,0.693809263323758
423,0.693809263323758,0.6799147689216476
424,0.6799147689216476,0.6841279116219838
425,0.6841279116219838,0.6876238771306109
426,0.6876238771306109,0.6830431089732781
427,0.6830431089732781,0.6943847203308088
428,0.6943847203308088,0.701952778684872
429,0.701952778684872,0.6987726388985012
430,0.6987726388985012,0.6825677951308989
431,0.6825677951308989,0.686150367159318
432,0.686150367159318,0.6737672564129777
433,0.6737672564129777,0.6711310807787321
434,0.6711310807787321,0.6672723078148879
435,0.6672723078148879,0.6661186078257357
436,0.6661186078257357,0.6415386080624432
437,0.6415386080624432,0.6419347769871777
438,0.6419347769871777,0.6585133212545089
439,0.6585133212545089,0.6596170313673935
440,0.6596170313673935,0.6721523907999651
441,0.6721523907999651,0.6886106025350482
442,0.6886106025350482,0.684458225243253
443,0.684458225243253,0.6913956541692798
444,0.6913956541692798,0.6991466203226049
445,0.6991466203226049,0.6991288523871404
446,0.6991288523871404,0.6996453538441231
447,0.6996453538441231,0.6922969374450845
448,0.6922969374450845,0.6870279001067194
449,0.6870279001067194,0.7005644050553922
450,0.7005644050553922,0.7042962176267361
451,0.7042962176267361,0.7038404815782944
452,0.7038404815782944,0.701728939332937
453,0.701728939332937,0.6953142751812063
454,0.6953142751812063,0.7107520693930703
455,0.7107520693930703,0.7209288406862365
456,0.7209288406862365,0.7182974830537704
457,0.7182974830537704,0.7150307367476076
458,0.7150307367476076,0.7260836792912051
459,0.7260836792912051,0.7249106485388159
460,0.7249106485388159,0.7193528836303986
461,0.7193528836303986,0.7305164051904467
462,0.7305164051904467,0.732558744308538
463,0.732558744308538,0.7282379132228193
464,0.7282379132228193,0.7263717952876183
465,0.7263717952876183,0.7252999425725977
466,0.7252999425725977,0.7146544852973047
467,0.7146544852973047,0.7154453190751204
468,0.7154453190751204,0.7114903035879254
469,0.7114903035879254,0.6967967847199742
470,0.6967967847199742,0.6850394266437717
471,0.6850394266437717,0.6988309919061598
472,0.6988309919061598,0.6967868429295957
473,0.6967868429295957,0.71201769808942
474,0.71201769808942,0.7101708521613368
475,0.7101708521613368,0.713267276058984
476,0.713267276058984,0.7113050331126707
477,0.7113050331126707,0.7118118398099751
478,0.7118118398099751,0.7109614976645715
479,0.7109614976645715,0.7108378512021972
480,0.7108378512021972,0.7054483638193456
481,0.7054483638193456,0.7154230140622513
482,0.7154230140622513,0.7035742314644775
483,0.7035742314644775,0.6884668344924465
484,0.6884668344924465,0.7079958172885068
485,0.7079958172885068,0.7002383407871678
486,0.7002383407871678,0.6930295289274951
487,0.6930295289274951,0.6846221509910018
488,0.6846221509910018,0.6861205847130869
489,0.6861205847130869,0.6662142817003518
490,0.6662142817003518,0.6701000940602806
491,0.6701000940602806,0.6797138054625613
492,0.6797138054625613,0.6932695824183521
493,0.6932695824183521,0.6775411920218435
494,0.6775411920218435,0.6593291804641406
495,0.6593291804641406,0.6661174276033618
496,0.6661174276033618,0.6739742135274773
497,0.6739742135274773,0.6854410341751548
498,0.6854410341751548,0.6831321301251971
499,0.6831321301251971,0.680250471424676
500,0.680250471424676,0.690051908627998
501,0.690051908627998,0.6821114655712779
502,0.6821114655712779,0.6720434634360894
503,0.6720434634360894,0.6562670105340248
504,0.6562670105340248,0.6574958711809369
505,0.6574958711809369,0.6440442216497023
506,0.6440442216497023,0.620619367191096
507,0.620619367191096,0.6097620941058643
508,0.6097620941058643,0.6098309914463109
509,0.6098309914463109,0.61633527026114
510,0.61633527026114,0.5923183891448522
511,0.5923183891448522,0.606788646340833
512,0.606788646340833,0.5860881368640366
513,0.5860881368640366,0.5858489758711938
514,0.5858489758711938,0.5745392219115273
515,0.5745392219115273,0.5784683962874714
516,0.5784683962874714,0.5959951468074487
517,0.5959951468074487,0.5809213583356354
518,0.5809213583356354,0.5929802056409944
519,0.5929802056409944,0.5823057815989053
520,0.5823057815989053,0.5865959535715937
521,0.5865959535715937,0.6084402212471636
522,0.6084402212471636,0.6073057932651293
523,0.6073057932651293,0.5890889637056468
524,0.5890889637056468,0.5929411088092387
525,0.5929411088092387,0.5936260640601447
526,0.5936260640601447,0.5758665333768765
527,0.5758665333768765,0.5623377958171705
528,0.5623377958171705,0.5610252780376538
529,0.5610252780376538,0.5601363331218951
530,0.5601363331218951,0.548451127560146
531,0.548451127560146,0.5649141572970086
532,0.5649141572970086,0.5790185988944656
533,0.5790185988944656,0.5933348563018612
534,0.5933348563018612,0.5882872120208744
535,0.5882872120208744,0.5875426896462612
536,0.5875426896462612,0.6001646555986249
537,0.6001646555986249,0.5877815448522845
538,0.5877815448522845,0.5911668138322226
539,0.5911668138322226,0.600987405530424
540,0.600987405530424,0.5985101064426621
541,0.5985101064426621,0.5901749397767415
542,0.5901749397767415,0.6116533918537876
543,0.6116533918537876,0.6148316630255666
544,0.6148316630255666,0.6174564515538996
545,0.6174564515538996,0.6199079095304105
546,0.6199079095304105,0.6200393821378707
547,0.6200393821378707,0.6084889631137081
548,0.6084889631137081,0.6125817732817962
549,0.6125817732817962,0.6120104639467666
550,0.6120104639467666,0.6269909592824164
551,0.6269909592824164,0.6250431115853223
552,0.6250431115853223,0.6225369044868837
553,0.6225369044868837,0.6272505905672109
554,0.6272505905672109,0.6329654809197583
555,0.6329654809197583,0.6365722017131938
556,0.6365722017131938,0.6368240068529023
557,0.6368240068529023,0.6352370979964332
558,0.6352370979964332,0.6282159531816824
559,0.6282159531816824,0.6271248284595441
560,0.6271248284595441,0.6269386654862754
561,0.6269386654862754,0.6348628446791842
562,0.6348628446791842,0.6384454167076032
563,0.6384454167076032,0.6356985445446686
564,0.6356985445446686,0.6412546171068514
565,0.6412546171068514,0.6373332101198741
566,0.6373332101198741,0.6265241170524372
567,0.6265241170524372,0.6361473469460381
568,0.6361473469460381,0.6235139938877621
569,0.6235139938877621,0.6255322429969559
570,0.6255322429969559,0.6221114969022081
571,0.6221114969022081,0.6308876398244125
572,0.6308876398244125,0.6401306588702709
573,0.6401306588702709,0.639583498300258
574,0.639583498300258,0.6378762569115408
575,0.6378762569115408,0.643706720550676
576,0.643706720550676,0.6460956032601732
577,0.6460956032601732,0.6461451698373826
578,0.6461451698373826,0.6401685913108675
579,0.6401685913108675,0.6394962802068269
580,0.6394962802068269,0.6369515290941525
581,0.6369515290941525,0.6381129964722714
582,0.6381129964722714,0.6390530707930121
583,0.6390530707930121,0.6290237301842978
584,0.6290237301842978,0.6232444547062638
585,0.6232444547062638,0.6302877621592005
586,0.6302877621592005,0.620874538217065
587,0.620874538217065,0.6142577530150737
588,0.6142577530150737,0.6133012973182834
589,0.6133012973182834,0.6157142700366777
590,0.6157142700366777,0.6157398641172283
591,0.6157398641172283,0.6273895338080483
592,0.6273895338080483,0.6170761661188228
593,0.6170761661188228,0.6161872799591832
594,0.6161872799591832,0.6070434528238631
595,0.6070434528238631,0.6159735955346526
596,0.6159735955346526,0.6058912569063641
597,0.6058912569063641,0.6053729455909088
598,0.6053729455909088,0.6009991752417352
599,0.6009991752417352,0.6061894322053945
600,0.6061894322053945,0.6034088340300034
601,0.6034088340300034,0.6161752225235123
602,0.6161752225235123,0.6224243822685069
603,0.6224243822685069,0.6214921340928523
604,0.6214921340928523,0.6250843421248302
605,0.6250843421248302,0.6233481927254363
606,0.6233481927254363,0.6237733284169669
607,0.6237733284169669,0.6259070920566294
608,0.6259070920566294,0.6222359861377071
609,0.6222359861377071,0.6264635828433818
610,0.6264635828433818,0.627052295570937
611,0.627052295570937,0.6296964148625073
612,0.6296964148625073,0.6272238162642864
613,0.6272238162642864,0.617160749643116
614,0.617160749643116,0.6082528283266316
615,0.6082528283266316,0.6057321672228546
616,0.6057321672228546,0.603172962104842
617,0.603172962104842,0.6055762988196776
618,0.6055762988196776,0.6015971933235851
619,0.6015971933235851,0.6066671177549963
620,0.6066671177549963,0.6086660948570723
621,0.6086660948570723,0.6062850382926612
622,0.6062850382926612,0.6189792742717168
623,0.6189792742717168,0.5817209966063603
624,0.5817209966063603,0.5632538659788229
625,0.5632538659788229,0.5796446256889933
626,0.5796446256889933,0.5956166892933046
627,0.5956166892933046,0.6084168037992699
628,0.6084168037992699,0.6096648776971806
629,0.6096648776971806,0.6020132797227512
630,0.6020132797227512,0.6066740265396235
631,0.6066740265396235,0.6050726636778161
632,0.6050726636778161,0.6197547366837354
633,0.6197547366837354,0.622528706998874
634,0.622528706998874,0.6290185318083648
635,0.6290185318083648,0.6284376452258955
636,0.6284376452258955,0.6331658440676804
637,0.6331658440676804,0.631477874686081
638,0.631477874686081,0.6332361867236609
639,0.6332361867236609,0.6310188247075131
640,0.6310188247075131,0.6347458192770775
641,0.6347458192770775,0.6302468396377571
642,0.6302468396377571,0.6342723152931712
643,0.6342723152931712,0.6303990883239885
644,0.6303990883239885,0.6300155047900002
645,0.6300155047900002,0.6280436258401281
646,0.6280436258401281,0.6289981541662071
647,0.6289981541662071,0.6299815905029629
648,0.6299815905029629,0.6279326235246194
649,0.6279326235246194,0.6205649351184629
650,0.6205649351184629,0.6230982403691052
651,0.6230982403691052,0.6225991423046484
652,0.6225991423046484,0.6308410745905249
653,0.6308410745905249,0.6291674417020254
654,0.6291674417020254,0.6288561281947291
655,0.6288561281947291,0.6251273237666919
656,0.6251273237666919,0.6293645564759254
657,0.6293645564759254,0.6278065556301331
658,0.6278065556301331,0.6300221077878079
659,0.6300221077878079,0.6235256551180648
660,0.6235256551180648,0.6247642105246551
661,0.6247642105246551,0.6263541275244308
662,0.6263541275244308,0.6241174935011652
663,0.6241174935011652,0.62280485820941
664,0.62280485820941,0.6241348381375716
665,0.6241348381375716,0.6178983225394424
666,0.6178983225394424,0.6157482950359686
667,0.6157482950359686,0.6133768744751166
668,0.6133768744751166,0.6181145918082217
669,0.6181145918082217,0.6153437471486283
670,0.6153437471486283,0.6121346993515804
671,0.6121346993515804,0.6113709637259686
672,0.6113709637259686,0.6150401422741794
673,0.6150401422741794,0.6174482969907943
674,0.6174482969907943,0.6165737473242547
675,0.6165737473242547,0.6135140575823703
676,0.6135140575823703,0.5870472225612251
677,0.5870472225612251,0.6013586619668412
678,0.6013586619668412,0.5852259707136926
679,0.5852259707136926,0.5839038169306168
680,0.5839038169306168,0.5935271055803373
681,0.5935271055803373,0.5889077934087689
682,0.5889077934087689,0.5881681477920543
683,0.5881681477920543,0.5877556562473892
684,0.5877556562473892,0.5982790886441999
685,0.5982790886441999,0.6043260098266956
686,0.6043260098266956,0.5975937100942357
687,0.5975937100942357,0.5879253670822657
688,0.5879253670822657,0.5938615917360721
689,0.5938615917360721,0.5986476065992106
690,0.5986476065992106,0.5881848808548216
691,0.5881848808548216,0.5957144539507686
692,0.5957144539507686,0.5915909259135308
693,0.5915909259135308,0.5857154079121458
694,0.5857154079121458,0.5894424024817102
695,0.5894424024817102,0.5892225134959852
696,0.5892225134959852,0.5851182574658653
697,0.5851182574658653,0.5891725236197176
698,0.5891725236197176,0.5754898450275459
699,0.5754898450275459,0.5759485892192941
700,0.5759485892192941,0.5720369357481143
701,0.5720369357481143,0.5715233836783189
702,0.5715233836783189,0.5676838827215925
703,0.5676838827215925,0.5732688632944523
704,0.5732688632944523,0.5748057822746537
705,0.5748057822746537,0.572665390774739
706,0.572665390774739,0.5718581756208734
707,0.5718581756208734,0.5760328918192124
708,0.5760328918192124,0.5713798536351877
709,0.5713798536351877,0.5688640105331901
710,0.5688640105331901,0.5650678715924788
711,0.5650678715924788,0.5611561006090605
712,0.5611561006090605,0.5603104589531978
713,0.5603104589531978,0.5526444069734301
714,0.5526444069734301,0.5452911725726118
715,0.5452911725726118,0.5401039237522594
716,0.5401039237522594,0.5377084131825098
717,0.5377084131825098,0.559292802542585
718,0.559292802542585,0.5624422244598063
719,0.5624422244598063,0.5731292338926416
720,0.5731292338926416,0.5744399418136855
721,0.5744399418136855,0.5722610062995348
722,0.5722610062995348,0.5714201826454516
723,0.5714201826454516,0.578492398109065
724,0.578492398109065,0.5761113415446539
725,0.5761113415446539,0.5802908757447723
726,0.5802908757447723,0.5770577379388272
727,0.5770577379388272,0.5841733154184559
728,0.5841733154184559,0.5857439604111137
729,0.5857439604111137,0.5858802510203535
730,0.5858802510203535,0.5893137000180861
731,0.5893137000180861,0.5829952783897061
732,0.5829952783897061,0.583689869644171
733,0.583689869644171,0.5801536677750738
734,0.5801536677750738,0.575712504157107
735,0.575712504157107,0.575410709141131
736,0.575410709141131,0.5808319951657275
737,0.5808319951657275,0.5837311160148937
738,0.5837311160148937,0.5970270146551896
739,0.5970270146551896,0.5986360861498446
740,0.5986360861498446,0.6043365812531731
741,0.6043365812531731,0.6023790387964008
742,0.6023790387964008,0.6087629850789819
743,0.6087629850789819,0.5991667945814654
744,0.5991667945814654,0.602657942088313
745,0.602657942088313,0.6000314024576263
746,0.6000314024576263,0.6014576249091388
747,0.6014576249091388,0.6046984713479313
748,0.6046984713479313,0.6012921205024027
749,0.6012921205024027,0.5985404303376884
750,0.5985404303376884,0.5991821410848178
751,0.5991821410848178,0.600911545111721
752,0.600911545111721,0.5910650535461492
753,0.5910650535461492,0.5900269268435852
754,0.5900269268435852,0.5842861953797867
755,0.5842861953797867,0.5927109767088057
756,0.5927109767088057,0.598209233249635
757,0.598209233249635,0.5966464144020633
758,0.5966464144020633,0.5997669283086078
759,0.5997669283086078,0.5951572521405983
760,0.5951572521405983,0.5944367610187631
761,0.5944367610187631,0.5968064892333806
762,0.5968064892333806,0.593737045975699
763,0.593737045975699,0.5950381178931838
764,0.5950381178931838,0.5910686484006504
765,0.5910686484006504,0.5922734777947845
766,0.5922734777947845,0.5876061031176598
767,0.5876061031176598,0.5905534039846208
768,0.5905534039846208,0.5868919340692575
769,0.5868919340692575,0.5933288783714126
770,0.5933288783714126,0.6014167521125848
771,0.6014167521125848,0.5998827237634513
772,0.5998827237634513,0.598204390385411
773,0.598204390385411,0.5908463379828133
774,0.5908463379828133,0.5891488501098936
775,0.5891488501098936,0.5887556305723464
776,0.5887556305723464,0.5886608921206489
777,0.5886608921206489,0.5959159566274048
778,0.5959159566274048,0.5928562668855206
779,0.5928562668855206,0.5923860768317404
780,0.5923860768317404,0.5924308254071704
781,0.5924308254071704,0.5980639859978247
782,0.5980639859978247,0.6013048324366173
783,0.6013048324366173,0.6064324553771434
784,0.6064324553771434,0.6102028119627231
785,0.6102028119627231,0.615099405842312
786,0.615099405842312,0.6134018004571538
787,0.6134018004571538,0.6145777218406111
788,0.6145777218406111,0.6207017310515781
789,0.6207017310515781,0.6187491241088239
790,0.6187491241088239,0.6185051451142016
791,0.6185051451142016,0.6194837634491779
792,0.6194837634491779,0.6199232356338084
793,0.6199232356338084,0.616261765718445
794,0.616261765718445,0.6310978972690688
795,0.6310978972690688,0.6236195123342231
796,0.6236195123342231,0.6234767113769695
797,0.6234767113769695,0.618997003744767
798,0.618997003744767,0.6149456282219827
799,0.6149456282219827,0.6116211834067048
800,0.6116211834067048,0.6118104720355186
801,0.6118104720355186,0.6148106534098151
802,0.6148106534098151,0.6145088583938392
803,0.6145088583938392,0.6099280902365065
804,0.6099280902365065,0.6187427771729465
805,0.6187427771729465,0.616154664044257
806,0.616154664044257,0.6139276660245503
807,0.6139276660245503,0.6109064027846631
808,0.6109064027846631,0.5960107628664515
809,0.5960107628664515,0.5974225313126256
810,0.5974225313126256,0.595503532870089
811,0.595503532870089,0.5938300174938281
812,0.5938300174938281,0.5919591990690861
813,0.5919591990690861,0.5994116841365615
814,0.5994116841365615,0.5999233088356455
815,0.5999233088356455,0.602538520116539
816,0.602538520116539,0.5992476838014786
817,0.5992476838014786,0.5966596881850278
818,0.5966596881850278,0.5965744682246508
819,0.5965744682246508,0.5923836056747389
820,0.5923836056747389,0.5938483721404872
821,0.5938483721404872,0.5921893107695646
822,0.5921893107695646,0.592248513350333
823,0.592248513350333,0.5899011827983781
824,0.5899011827983781,0.5849208730300653
825,0.5849208730300653,0.5765087358479118
826,0.5765087358479118,0.5854437553166
827,0.5854437553166,0.5814405598116104
828,0.5814405598116104,0.578785112170247
829,0.578785112170247,0.5865698043360283
830,0.5865698043360283,0.5824077322845549
831,0.5824077322845549,0.5939418874449063
832,0.5939418874449063,0.6001815286985804
833,0.6001815286985804,0.5989026194192815
834,0.5989026194192815,0.5988175169711429
835,0.5988175169711429,0.5958973142563859
836,0.5958973142563859,0.5971647776736532
837,0.5971647776736532,0.5978111889103235
838,0.5978111889103235,0.5956274353943936
839,0.5956274353943936,0.5955760589587111
840,0.5955760589587111,0.5995581725981101
841,0.5995581725981101,0.5988809259800516
842,0.5988809259800516,0.5969763815428535
843,0.5969763815428535,0.5975602762686292
844,0.5975602762686292,0.594341709980261
845,0.594341709980261,0.5919172913998348
846,0.5919172913998348,0.5966936702594143
847,0.5966936702594143,0.5951789139173986
848,0.5951789139173986,0.5734532276717231
849,0.5734532276717231,0.576915467167894
850,0.576915467167894,0.5839010761117155
851,0.5839010761117155,0.5890961510771542
852,0.5890961510771542,0.5904934655179899
853,0.5904934655179899,0.5926465011647702
854,0.5926465011647702,0.5970667004293848
855,0.5970667004293848,0.5967072069042939
856,0.5967072069042939,0.5945859698992584
857,0.5945859698992584,0.5933312681410952
858,0.5933312681410952,0.6013998698751495
859,0.6013998698751495,0.6050161679160247
860,0.6050161679160247,0.602866140412551
861,0.602866140412551,0.5988870349164586
862,0.5988870349164586,0.6000003222767829
863,0.6000003222767829,0.5995927662461358
864,0.5995927662461358,0.597899978862757
865,0.597899978862757,0.5960338609275561
866,0.5960338609275561,0.6005888467297571
867,0.6005888467297571,0.5986986387856588
868,0.5986986387856588,0.5953501039614837
869,0.5953501039614837,0.5949617024257159
870,0.5949617024257159,0.6040170544266522
871,0.6040170544266522,0.5953883421888997
872,0.5953883421888997,0.5939843998878118
873,0.5939843998878118,0.5927295806174102
874,0.5927295806174102,0.5938381674881934
875,0.5938381674881934,0.5934883099666615
876,0.5934883099666615,0.583290339295666
877,0.583290339295666,0.5928270214255946
878,0.5928270214255946,0.5820034155967
879,0.5820034155967,0.5830686404514682
880,0.5830686404514682,0.5850436450568853
881,0.5850436450568853,0.5860222633918617
882,0.5860222633918617,0.574332239828333
883,0.574332239828333,0.5810386396934227
884,0.5810386396934227,0.5814011413618203
885,0.5814011413618203,0.5797661699997951
886,0.5797661699997951,0.5875748346622354
887,0.5875748346622354,0.5890588731351014
888,0.5890588731351014,0.5938447704860012
889,0.5938447704860012,0.5930616453410329
890,0.5930616453410329,0.5930488129195863
891,0.5930488129195863,0.5986914920015611
892,0.5986914920015611,0.5977880343243448
893,0.5977880343243448,0.5966295750895324
894,0.5966295750895324,0.5946431246220834
895,0.5946431246220834,0.5973978229301042
896,0.5973978229301042,0.5970143569083544
897,0.5970143569083544,0.595133784967815
898,0.595133784967815,0.5928153624265371
899,0.5928153624265371,0.5912284535700679
900,0.5912284535700679,0.5934200332310839
901,0.5934200332310839,0.5932867507651509
902,0.5932867507651509,0.5899621884376344
903,0.5899621884376344,0.5914895889265157
904,0.5914895889265157,0.592732844822647
905,0.592732844822647,0.5891291909286372
906,0.5891291909286372,0.5879755496956043
907,0.5879755496956043,0.5700185984516165
908,0.5700185984516165,0.5707950957363325
909,0.5707950957363325,0.5818768287783682
910,0.5818768287783682,0.5805643109988516
911,0.5805643109988516,0.5815284753284895
912,0.5815284753284895,0.5624692592871511
913,0.5624692592871511,0.5596020545919683
914,0.5596020545919683,0.5602389473373183
915,0.5602389473373183,0.571137713823973
916,0.571137713823973,0.5663403706110414
917,0.5663403706110414,0.5631795028317881
918,0.5631795028317881,0.5644228762401581
919,0.5644228762401581,0.5642751397688865
920,0.5642751397688865,0.5645462169157127
921,0.5645462169157127,0.5692599617521591
922,0.5692599617521591,0.5753068829346548
923,0.5753068829346548,0.576944979952225
924,0.576944979952225,0.5672236389206811
925,0.5672236389206811,0.5702045482878595
926,0.5702045482878595,0.569272300112205
927,0.569272300112205,0.5667852475086458
928,0.5667852475086458,0.5789067288371377
929,0.5789067288371377,0.5822149097886042
930,0.5822149097886042,0.5824041984174181
931,0.5824041984174181,0.5803600494408538
932,0.5803600494408538,0.5818584244068198
933,0.5818584244068198,0.5828900407613702
934,0.5828900407613702,0.5835075439873638
935,0.5835075439873638,0.5835524100750323
936,0.5835524100750323,0.5791546084730806
937,0.5791546084730806,0.579213811053849
938,0.579213811053849,0.5758170962118792
939,0.5758170962118792,0.5751833291220744
940,0.5751833291220744,0.5793723818135132
941,0.5793723818135132,0.580105517082214
942,0.580105517082214,0.5838614196624552
943,0.5838614196624552,0.5878387153000746
944,0.5878387153000746,0.5897462678805794
945,0.5897462678805794,0.590546737661954
946,0.590546737661954,0.5967237448924954
947,0.5967237448924954,0.5946844139177105
948,0.5946844139177105,0.5917497571976152
949,0.5917497571976152,0.5938738848337188
950,0.5938738848337188,0.5953675593101437
951,0.5953675593101437,0.5925725071294143
952,0.5925725071294143,0.5929301907960324
953,0.5929301907960324,0.5943612312493243
954,0.5943612312493243,0.5944687313601258
955,0.5944687313601258,0.5946627204784806
956,0.5946627204784806,0.5943465889694048
957,0.5943465889694048,0.5999362700318055
958,0.5999362700318055,0.5942917810913579
959,0.5942917810913579,0.5955687629999455
960,0.5955687629999455,0.5890819463337613
961,0.5890819463337613,0.5899257781311511
962,0.5899257781311511,0.5991544606839094
963,0.5991544606839094,0.5944678139996671
964,0.5944678139996671,0.5949169221878563
965,0.5949169221878563,0.5961699315997852
966,0.5961699315997852,0.5956852875406666
967,0.5956852875406666,0.5988106194489906
968,0.5988106194489906,0.5996736057412598
969,0.5996736057412598,0.5987172675567078
970,0.5987172675567078,0.5997969464168146
971,0.5997969464168146,0.5943787860477631
972,0.5943787860477631,0.592541576123239
973,0.592541576123239,0.5930436823310024
974,0.5930436823310024,0.5894496644405516
975,0.5894496644405516,0.5818702189805758
976,0.5818702189805758,0.5912671790588999
977,0.5912671790588999,0.5872785550714872
978,0.5872785550714872,0.5881415413637563
979,0.5881415413637563,0.5955507819274551
980,0.5955507819274551,0.5938917205565326
981,0.5938917205565326,0.5957414571156836
982,0.5957414571156836,0.5945396358648563
983,0.5945396358648563,0.6061508790536789
984,0.6061508790536789,0.6049635118081899
985,0.6049635118081899,0.6145964364614692
986,0.6145964364614692,0.6112959641428501
987,0.6112959641428501,0.6092373611609477
988,0.6092373611609477,0.6037662027723222
989,0.6037662027723222,0.6029012891093416
990,0.6029012891093416,0.605891834480079
991,0.605891834480079,0.6121602662321917
992,0.6121602662321917,0.6155262632050117
993,0.6155262632050117,0.6167889086204994
994,0.6167889086204994,0.6154619368356443
995,0.6154619368356443,0.6095237848111263
996,0.6095237848111263,0.6202589742617564
997,0.6202589742617564,0.626445499983618
998,0.626445499983618,0.6215422782437766
999,0.6215422782437766,0.6197532483370471
1000,0.6197532483370471,0.6215934664048779
1001,0.6215934664048779,0.6202809486253612
1002,0.6202809486253612,0.6181934376327819
1003,0.6181934376327819,0.618493422790285
1004,0.618493422790285,0.6201410382991757
1005,0.6201410382991757,0.612715651383904
1006,0.612715651383904,0.6226806656232509
1007,0.6226806656232509,0.6302631192265333
1008,0.6302631192265333,0.6348035335111576
1009,0.6348035335111576,0.6433052853564094
1010,0.6433052853564094,0.6447796878257166
1011,0.6447796878257166,0.6457823961695903
1012,0.6457823961695903,0.6435890066501012
1013,0.6435890066501012,0.6521726645256042
1014,0.6521726645256042,0.6604433873099189
1015,0.6604433873099189,0.6549962014179522
1016,0.6549962014179522,0.6668577456748301
1017,0.6668577456748301,0.663956814967191
1018,0.663956814967191,0.6691422539290708
1019,0.6691422539290708,0.6793334792275754
1020,0.6793334792275754,0.681577939395927
1021,0.681577939395927,0.6800922085768266
1022,0.6800922085768266,0.6801947731736102
1023,0.6801947731736102,0.6956566573943715
1024,0.6956566573943715,0.6856271992734189
1025,0.6856271992734189,0.6699372941350268
1026,0.6699372941350268,0.669881099697565
1027,0.669881099697565,0.6682797368357576
1028,0.6682797368357576,0.6387515904888359
1029,0.6387515904888359,0.5835493702692962
1030,0.5835493702692962,0.6050663076044589
1031,0.6050663076044589,0.5978574957447862
1032,0.5978574957447862,0.5486863561429889
1033,0.5486863561429889,0.5665211649962558
1034,0.5665211649962558,0.5833451335737433
1035,0.5833451335737433,0.5859650453441776
1036,0.5859650453441776,0.6024231983231414
1037,0.6024231983231414,0.6173796624060132
1038,0.6173796624060132,0.6171501374167292
1039,0.6171501374167292,0.6087476362381347
1040,0.6087476362381347,0.6008409191938706
1041,0.6008409191938706,0.6013862699054109
1042,0.6013862699054109,0.621526668878509
1043,0.621526668878509,0.6363531644255738
1044,0.6363531644255738,0.6186320602443027
1045,0.6186320602443027,0.6032550901970988
1046,0.6032550901970988,0.5851296264030683
1047,0.5851296264030683,0.5909456360368652
1048,0.5909456360368652,0.604515808241875
1049,0.604515808241875,0.6072513520550166
1050,0.6072513520550166,0.6058954722594846
1051,0.6058954722594846,0.6110327312035698
1052,0.6110327312035698,0.6332236012266649
1053,0.6332236012266649,0.6307943646444593
1054,0.6307943646444593,0.621549535740128
1055,0.621549535740128,0.6132095510724278
1056,0.6132095510724278,0.6114542471781546
1057,0.6114542471781546,0.6129863481565767
1058,0.6129863481565767,0.5934506199880254
1059,0.5934506199880254,0.5946650853857185
1060,0.5946650853857185,0.5915331256171422
1061,0.5915331256171422,0.5579666711933599
1062,0.5579666711933599,0.5305660839249067
1063,0.5305660839249067,0.5636783063719004
1064,0.5636783063719004,0.5408503553288744
1065,0.5408503553288744,0.5364620722182432
1066,0.5364620722182432,0.5530069492292373
1067,0.5530069492292373,0.5238926809863955
1068,0.5238926809863955,0.5388491450692673
1069,0.5388491450692673,0.5526840723476706
1070,0.5526840723476706,0.5606997935743894
1071,0.5606997935743894,0.5318840064173973
1072,0.5318840064173973,0.5353462459135683
1073,0.5353462459135683,0.5556647934402681
1074,0.5556647934402681,0.5478782914160137
1075,0.5478782914160137,0.557650820608659
1076,0.557650820608659,0.5532289289978101
1077,0.5532289289978101,0.5628763076564278
1078,0.5628763076564278,0.5758976977075327
1079,0.5758976977075327,0.5762601993759304
1080,0.5762601993759304,0.5680742732529345
1081,0.5680742732529345,0.5562880071660552
1082,0.5562880071660552,0.5556397860709119
1083,0.5556397860709119,0.5377213788411599
1084,0.5377213788411599,0.539330450335815
1085,0.539330450335815,0.5518658097683866
1086,0.5518658097683866,0.55257485502819
1087,0.55257485502819,0.5413325530934361
1088,0.5413325530934361,0.5438610403422992
1089,0.5438610403422992,0.5339326427464766
1090,0.5339326427464766,0.5303530788613642
1091,0.5303530788613642,0.5458485715823433
1092,0.5458485715823433,0.5495611121465694
1093,0.5495611121465694,0.5484988954351078
1094,0.5484988954351078,0.5602304711561787
1095,0.5602304711561787,0.5716780197967382
1096,0.5716780197967382,0.5731956667698219
1097,0.5731956667698219,0.5736351389544523
1098,0.5736351389544523,0.5639234339264672
1099,0.5639234339264672,0.5685023922253271
1100,0.5685023922253271,0.5666603642990233
1101,0.5666603642990233,0.562493591758009
1102,0.562493591758009,0.5714189752231382
1103,0.5714189752231382,0.5665734519924119
1104,0.5665734519924119,0.5701127795170543
1105,0.5701127795170543,0.5667305186804228
1106,0.5667305186804228,0.5629151077325938
1107,0.5629151077325938,0.5470471715528386
1108,0.5470471715528386,0.562764057331196
1109,0.562764057331196,0.5530234442925341
1110,0.5530234442925341,0.5664300394615192
1111,0.5664300394615192,0.57160584241984
1112,0.57160584241984,0.5718142855435332
1113,0.5718142855435332,0.582429142461915
1114,0.582429142461915,0.5807556270856541
1115,0.5807556270856541,0.5842034125764868
1116,0.5842034125764868,0.5849124578362901
1117,0.5849124578362901,0.5865264648449631
1118,0.5865264648449631,0.580405346265064
1119,0.580405346265064,0.5829868315335012
1120,0.5829868315335012,0.5809041385427014
1121,0.5809041385427014,0.5773390286629273
1122,0.5773390286629273,0.5712469356059435
1123,0.5712469356059435,0.5728031265932629
1124,0.5728031265932629,0.5636304502033852
1125,0.5636304502033852,0.5653743082356267
1126,0.5653743082356267,0.5464548142458928
1127,0.5464548142458928,0.548617485896232
1128,0.548617485896232,0.5366193452432948
1129,0.5366193452432948,0.5439275252818636
1130,0.5439275252818636,0.5441986024286898
1131,0.5441986024286898,0.547492329374818
1132,0.547492329374818,0.5402786995133657
1133,0.5402786995133657,0.5508165859155146
1134,0.5508165859155146,0.5612677482856333
1135,0.5612677482856333,0.5722675752974182
1136,0.5722675752974182,0.576201626431261
1137,0.576201626431261,0.5659411392493711
1138,0.5659411392493711,0.5769025397591587
1139,0.5769025397591587,0.5776356750278595
1140,0.5776356750278595,0.5755288920281624
1141,0.5755288920281624,0.5801608483465963
1142,0.5801608483465963,0.5823620640111714
1143,0.5823620640111714,0.5762843074472874
1144,0.5762843074472874,0.5742835204867385
1145,0.5742835204867385,0.5760418325243184
1146,0.5760418325243184,0.581780754129644
1147,0.581780754129644,0.593416087327364
1148,0.593416087327364,0.588541656085961
1149,0.588541656085961,0.5788588590686528
1150,0.5788588590686528,0.5703312073560305
1151,0.5703312073560305,0.576200097497163
1152,0.576200097497163,0.5740693420008071
1153,0.5740693420008071,0.5800200206599521
1154,0.5800200206599521,0.5856194552381502
1155,0.5856194552381502,0.589736237902897
1156,0.589736237902897,0.5928904778218977
1157,0.5928904778218977,0.5918089891033183
1158,0.5918089891033183,0.5891054789563988
1159,0.5891054789563988,0.5786139627135716
1160,0.5786139627135716,0.572430327622778
1161,0.572430327622778,0.5803882328281431
1162,0.5803882328281431,0.5692758994291962
1163,0.5692758994291962,0.579298612177658
1164,0.579298612177658,0.5831218492705732
1165,0.5831218492705732,0.5857322425496871
1166,0.5857322425496871,0.5878563701857906
1167,0.5878563701857906,0.5865872144222891
1168,0.5865872144222891,0.5835370431717253
1169,0.5835370431717253,0.591340889832386
1170,0.591340889832386,0.6012337515572794
1171,0.6012337515572794,0.6008887120375268
1172,0.6008887120375268,0.608119804047624
1173,0.608119804047624,0.6011852657526652
1174,0.6011852657526652,0.6006525591879905
1175,0.6006525591879905,0.5976216599445445
1176,0.5976216599445445,0.5929928292816555
1177,0.5929928292816555,0.5871942817965036
1178,0.5871942817965036,0.5834076613471127
1179,0.5834076613471127,0.5853103959258381
1180,0.5853103959258381,0.5897690216924498
1181,0.5897690216924498,0.5895443147049453
1182,0.5895443147049453,0.5961689260520227
1183,0.5961689260520227,0.5958335225358289
1184,0.5958335225358289,0.5873251428303248
1185,0.5873251428303248,0.59407008670965
1186,0.59407008670965,0.5951015855519619
1187,0.5951015855519619,0.6053554448735996
1188,0.6053554448735996,0.6041150796085364
1189,0.6041150796085364,0.598436982167871
1190,0.598436982167871,0.5958825950516378
1191,0.5958825950516378,0.5905461056883602
1192,0.5905461056883602,0.593690709603802
1193,0.593690709603802,0.5929605824784079
1194,0.5929605824784079,0.5973470557305662
1195,0.5973470557305662,0.5960681464512674
1196,0.5960681464512674,0.5963488596016525
1197,0.5963488596016525,0.584124625401796
1198,0.584124625401796,0.5756835802089657
1199,0.5756835802089657,0.5744143069332257
1200,0.5744143069332257,0.5717252507916444
1201,0.5717252507916444,0.5254419744515627
1202,0.5254419744515627,0.49713654294647835
1203,0.49713654294647835,0.5150722948126369
1204,0.5150722948126369,0.5064869445908996
1205,0.5064869445908996,0.5342274475905063
1206,0.5342274475905063,0.5331652308790449
1207,0.5331652308790449,0.5129845955454765
1208,0.5129845955454765,0.5117827742946489
1209,0.5117827742946489,0.5053343841304618
1210,0.5053343841304618,0.49730251655217045
1211,0.49730251655217045,0.45586638502670673
1212,0.45586638502670673,0.4789572812846534
1213,0.4789572812846534,0.45567197260929376
1214,0.45567197260929376,0.44655711224076955
1215,0.44655711224076955,0.46575400545076245
1216,0.46575400545076245,0.47904508608927904
1217,0.47904508608927904,0.4921051376668581
1218,0.4921051376668581,0.48305279380922855
1219,0.48305279380922855,0.4896725871545263
1220,0.4896725871545263,0.49720204273823476
1221,0.49720204273823476,0.524610456151774
1222,0.524610456151774,0.5204918636285543
1223,0.5204918636285543,0.5073433956727104
1224,0.5073433956727104,0.48025080798142716
1225,0.48025080798142716,0.4775857243365048
1226,0.4775857243365048,0.4669499030647707
1227,0.4669499030647707,0.480005019128332
1228,0.480005019128332,0.48220623479290686
1229,0.48220623479290686,0.45956595079480295
1230,0.45956595079480295,0.4353372538685764
1231,0.4353372538685764,0.43848667578579775
1232,0.43848667578579775,0.42940554142972986
1233,0.42940554142972986,0.448366587577006
1234,0.448366587577006,0.4518432810785153
1235,0.4518432810785153,0.48078240891106194
1236,0.48078240891106194,0.4771787550170521
1237,0.4771787550170521,0.4872255577744114
1238,0.4872255577744114,0.5010413305579353
1239,0.5010413305579353,0.4568518872838656
1240,0.4568518872838656,0.45415307762648693
1241,0.45415307762648693,0.42317142240126815
1242,0.42317142240126815,0.4246842513725724
1243,0.4246842513725724,0.4235113381324216
1244,0.4235113381324216,0.4296690733558448
1245,0.4296690733558448,0.4286934631641752
1246,0.4286934631641752,0.40362243851221213
1247,0.40362243851221213,0.3769053024230117
1248,0.3769053024230117,0.376290689828086
1249,0.376290689828086,0.35670208115219937
1250,0.35670208115219937,0.33694977792804925
1251,0.33694977792804925,0.3117778102631945
1252,0.3117778102631945,0.27952055968880274
1253,0.27952055968880274,0.3349230911001301
1254,0.3349230911001301,0.34437316671026685
1255,0.34437316671026685,0.34216532318543935
1256,0.34216532318543935,0.3516057627920173
1257,0.3516057627920173,0.35241586857695084
1258,0.35241586857695084,0.3217854574326787
1259,0.3217854574326787,0.3615207871550965
1260,0.3615207871550965,0.36934390582287524
1261,0.36934390582287524,0.3805218813882617
1262,0.3805218813882617,0.38487944662974327
1263,0.38487944662974327,0.38978085851111177
1264,0.38978085851111177,0.38887751834613404
1265,0.38887751834613404,0.3815869179684489
1266,0.3815869179684489,0.39419442991547415
1267,0.39419442991547415,0.39626567704424187
1268,0.39626567704424187,0.4051043364773409
1269,0.4051043364773409,0.4211100673379893
1270,0.4211100673379893,0.40219045583601676
1271,0.40219045583601676,0.4042617029647848
1272,0.4042617029647848,0.4052885013175558
1273,0.4052885013175558,0.4153642120855918
1274,0.4153642120855918,0.40457915027093294
1275,0.40457915027093294,0.40200549114758166
1276,0.40200549114758166,0.4210436253233293
1277,0.4210436253233293,0.43141781717721506
1278,0.43141781717721506,0.4318669253654044
1279,0.4318669253654044,0.43997407111369446
1280,0.43997407111369446,0.44542896563850853
1281,0.44542896563850853,0.4417772492389428
1282,0.4417772492389428,0.4287539318171264
1283,0.4287539318171264,0.42891419492302485
1284,0.42891419492302485,0.4291179375571772
1285,0.4291179375571772,0.4452102749376172
1286,0.4452102749376172,0.44848484738886607
1287,0.44848484738886607,0.44425062282293915
1288,0.44425062282293915,0.45790751905997923
1289,0.45790751905997923,0.45918931897034637
1290,0.45918931897034637,0.46084657048279604
1291,0.46084657048279604,0.4553993845908293
1292,0.4553993845908293,0.4632417752657258
1293,0.4632417752657258,0.46417714909692553
1294,0.46417714909692553,0.462392819679737
1295,0.462392819679737,0.46094069736085436
1296,0.46094069736085436,0.4564225632266546
1297,0.4564225632266546,0.46494358707902445
1298,0.46494358707902445,0.45898628055962715
1299,0.45898628055962715,0.45674471102234365
1300,0.45674471102234365,0.4472640350552956
1301,0.4472640350552956,0.43570398002757404
1302,0.43570398002757404,0.4321629601566974
1303,0.4321629601566974,0.4508063707232445
1304,0.4508063707232445,0.4540423991602577
1305,0.4540423991602577,0.4626596655359782
1306,0.4626596655359782,0.4607647571023391
1307,0.4607647571023391,0.4667828877863964
1308,0.4667828877863964,0.47109709101186287
1309,0.47109709101186287,0.4701985688486644
1310,0.4701985688486644,0.46546374214662734
1311,0.46546374214662734,0.47949597247351167
1312,0.47949597247351167,0.45270186586807826
1313,0.45270186586807826,0.4508503194504543
1314,0.4508503194504543,0.45980449341402163
1315,0.45980449341402163,0.45278346611150966
1316,0.45278346611150966,0.4569098847798153
1317,0.4569098847798153,0.4653153941017165
1318,0.4653153941017165,0.48037773671149814
1319,0.48037773671149814,0.47968133559856013
1320,0.47968133559856013,0.48192579576691197
1321,0.48192579576691197,0.48408846741725114
1322,0.48408846741725114,0.48979378052235895
1323,0.48979378052235895,0.4905317337928391
1324,0.4905317337928391,0.481354239401182
1325,0.481354239401182,0.48545186757104947
1326,0.48545186757104947,0.48478437446878836
1327,0.48478437446878836,0.4932524003015842
1328,0.4932524003015842,0.49165115495201506
1329,0.49165115495201506,0.49164302302010954
1330,0.49164302302010954,0.48774088804025
1331,0.48774088804025,0.489224926513116
1332,0.489224926513116,0.4899195177675811
1333,0.4899195177675811,0.5015740054601805
1334,0.5015740054601805,0.4977585945123515
1335,0.4977585945123515,0.4965182292472881
1336,0.4965182292472881,0.5023967553919796
1337,0.5023967553919796,0.5031925246838134
1338,0.5031925246838134,0.5038197814256044
1339,0.5038197814256044,0.49246184744814325
1340,0.49246184744814325,0.4887523150272238
1341,0.4887523150272238,0.5015667660262888
1342,0.5015667660262888,0.49450719470954113
1343,0.49450719470954113,0.4704807363458136
1344,0.4704807363458136,0.46753162562037986
1345,0.46753162562037986,0.462623585878759
1346,0.462623585878759,0.46704366763113525
1347,0.46704366763113525,0.4328563960512331
1348,0.4328563960512331,0.44298498732660474
1349,0.44298498732660474,0.4502305333420404
1350,0.4502305333420404,0.4617166259968355
1351,0.4617166259968355,0.45291458320726086
1352,0.45291458320726086,0.442904397093426
1353,0.442904397093426,0.45379846309053984
1354,0.45379846309053984,0.44918396892075074
1355,0.44918396892075074,0.4320837994078379
1356,0.4320837994078379,0.43320202228218024
1357,0.43320202228218024,0.4210883670987744
1358,0.4210883670987744,0.4110445724847217
1359,0.4110445724847217,0.4131350916206076
1360,0.4131350916206076,0.394701628249407
1361,0.394701628249407,0.39031816314055523
1362,0.39031816314055523,0.4179095431094756
1363,0.4179095431094756,0.42820182893311054
1364,0.42820182893311054,0.4358276445524081
1365,0.4358276445524081,0.4494749047858893
1366,0.4494749047858893,0.4551993723858765
1367,0.4551993723858765,0.4539927331332694
1368,0.4539927331332694,0.4504420772588338
1369,0.4504420772588338,0.4554011876493175
1370,0.4554011876493175,0.4524377404307839
1371,0.4524377404307839,0.4530119991530007
1372,0.4530119991530007,0.4658072956571865
1373,0.4658072956571865,0.46927917115691625
1374,0.46927917115691625,0.4819011371092799
1375,0.4819011371092799,0.47939011200906184
1376,0.47939011200906184,0.4762100897349293
1377,0.4762100897349293,0.4620266914944087
1378,0.4620266914944087,0.45957348241554435
1379,0.45957348241554435,0.4642149572252987
1380,0.4642149572252987,0.47160010778010014
1381,0.47160010778010014,0.48174327057304867
1382,0.48174327057304867,0.48520069206744004
1383,0.48520069206744004,0.4954593693908573
1384,0.4954593693908573,0.4921348070633409
1385,0.4921348070633409,0.4844543010782347
1386,0.4844543010782347,0.4855050719276644
1387,0.4855050719276644,0.4912537470487874
1388,0.4912537470487874,0.4938254788014272
1389,0.4938254788014272,0.49977627497281063
1390,0.49977627497281063,0.49931090292080993
1391,0.49931090292080993,0.4936519599750238
1392,0.4936519599750238,0.4834877153164846
1393,0.4834877153164846,0.48791273258287876
1394,0.48791273258287876,0.47828763407468544
1395,0.47828763407468544,0.4816199050350492
1396,0.4816199050350492,0.49073777354688
1397,0.49073777354688,0.49679926624695275
1398,0.49679926624695275,0.4884303735685759
1399,0.4884303735685759,0.49839068731838165
1400,0.49839068731838165,0.4953164260589204
1401,0.4953164260589204,0.49084635443027674
1402,0.49084635443027674,0.4743382115750455
1403,0.4743382115750455,0.4607085310024477
1404,0.4607085310024477,0.449634624105498
1405,0.449634624105498,0.40688917121840507
1406,0.40688917121840507,0.42399234887462445
1407,0.42399234887462445,0.4243355785359043
1408,0.4243355785359043,0.449659912399229
1409,0.449659912399229,0.43958227426048146
1410,0.43958227426048146,0.42155798850381976
1411,0.42155798850381976,0.44183317401450445
1412,0.44183317401450445,0.3998530783369154
1413,0.3998530783369154,0.4025018981180265
1414,0.4025018981180265,0.421554368786874
1415,0.421554368786874,0.437665978174432
1416,0.437665978174432,0.42580755957309924
1417,0.42580755957309924,0.43660044753284427
1418,0.43660044753284427,0.43516759722107956
1419,0.43516759722107956,0.3979431043242986
1420,0.3979431043242986,0.412273698224794
1421,0.412273698224794,0.4071153574151183
1422,0.4071153574151183,0.4154342602172276
1423,0.4154342602172276,0.432349770828525
1424,0.432349770828525,0.43253412394332075
1425,0.43253412394332075,0.42209560572006766
1426,0.42209560572006766,0.4365418316632705
1427,0.4365418316632705,0.4542177639700534
1428,0.4542177639700534,0.4548016586958293
1429,0.4548016586958293,0.4539463810364076
1430,0.4539463810364076,0.45368794803644685
1431,0.45368794803644685,0.46333532669506466
1432,0.46333532669506466,0.4667735936945767
1433,0.4667735936945767,0.46500371828272646
1434,0.46500371828272646,0.45974431694792034
1435,0.45974431694792034,0.46274931632399624
1436,0.46274931632399624,0.4625246093364918
1437,0.4625246093364918,0.4618330262253334
1438,0.4618330262253334,0.45402736970619967
1439,0.45402736970619967,0.45316727404499846
1440,0.45316727404499846,0.44032692317856337
1441,0.44032692317856337,0.44840034291439707
1442,0.44840034291439707,0.44419020835736744
1443,0.44419020835736744,0.4358502236896673
1444,0.4358502236896673,0.4423255944938197
1445,0.4423255944938197,0.424041371665544
1446,0.424041371665544,0.3979837142589374
1447,0.3979837142589374,0.4083433345952462
1448,0.4083433345952462,0.42754034531747764
1449,0.42754034531747764,0.42045668399183245
1450,0.42045668399183245,0.39772497547215724
1451,0.39772497547215724,0.40968264474014715
1452,0.40968264474014715,0.41797745753335935
1453,0.41797745753335935,0.432726982564191
1454,0.432726982564191,0.43002335490503296
1455,0.43002335490503296,0.44351655659381006
1456,0.44351655659381006,0.4399129026998002
1457,0.4399129026998002,0.44316820314393124
1458,0.44316820314393124,0.43679208300643607
1459,0.43679208300643607,0.4459484955325027
1460,0.4459484955325027,0.4400633415275589
1461,0.4400633415275589,0.4434486105074968
1462,0.4434486105074968,0.4455054036309264
1463,0.4455054036309264,0.45068602459102663
1464,0.45068602459102663,0.45808551163892813
1465,0.45808551163892813,0.45614724118927363
1466,0.45614724118927363,0.46018235284824666
1467,0.46018235284824666,0.4550288300403502
1468,0.4550288300403502,0.4684353076970968
1469,0.4684353076970968,0.47318277854599966
1470,0.47318277854599966,0.4707054794582377
1471,0.4707054794582377,0.47102461911062005
1472,0.47102461911062005,0.47434725406742495
1473,0.47434725406742495,0.4774293414719723
1474,0.4774293414719723,0.4737871435637269
1475,0.4737871435637269,0.47539151456884093
1476,0.47539151456884093,0.47572992622834115
1477,0.47572992622834115,0.47625600493276343
1478,0.47625600493276343,0.48700564838873184
1479,0.48700564838873184,0.48704087847284133
1480,0.48704087847284133,0.4854298796074749
1481,0.4854298796074749,0.47906821347531825
1482,0.47906821347531825,0.475979615722757
1483,0.475979615722757,0.4785081029716201
1484,0.4785081029716201,0.4890265998544127
1485,0.4890265998544127,0.4916177211264087
1486,0.4916177211264087,0.49720740218880943
1487,0.49720740218880943,0.4903981319401166
1488,0.4903981319401166,0.476628846828153
1489,0.476628846828153,0.4659591820317241
1490,0.4659591820317241,0.4746535364359161
1491,0.4746535364359161,0.4761808194125587
1492,0.4761808194125587,0.48916860096344594
1493,0.48916860096344594,0.48365889856058486
1494,0.48365889856058486,0.48128265999795333
1495,0.48128265999795333,0.48494702054438454
1496,0.48494702054438454,0.49719365240690394
1497,0.49719365240690394,0.4965838578137581
1498,0.4965838578137581,0.5067654471087037
1499,0.5067654471087037,0.506560012128317
1500,0.506560012128317,0.5051752243221084
1501,0.5051752243221084,0.5113041690470934
1502,0.5113041690470934,0.5182126899624436
1503,0.5182126899624436,0.5188351287024552
1504,0.5188351287024552,0.5178113384929908
1505,0.5178113384929908,0.5250472485048674
1506,0.5250472485048674,0.5243797554026062
1507,0.5243797554026062,0.5146439603657238
1508,0.5146439603657238,0.5184912874675363
1509,0.5184912874675363,0.5308004358409502
1510,0.5308004358409502,0.5190093517522913
1511,0.5190093517522913,0.5237904311014117
1512,0.5237904311014117,0.518689788800851
1513,0.518689788800851,0.5256080632319986
1514,0.5256080632319986,0.5353083223979518
1515,0.5353083223979518,0.5300874650773815
1516,0.5300874650773815,0.5403315708832217
1517,0.5403315708832217,0.5372140651199838
1518,0.5372140651199838,0.539449006797015
1519,0.539449006797015,0.5519747302260277
1520,0.5519747302260277,0.5574201062595214
1521,0.5574201062595214,0.5524494324947677
1522,0.5524494324947677,0.5521909994948071
1523,0.5521909994948071,0.553294768363811
1524,0.553294768363811,0.5381006473597496
1525,0.5381006473597496,0.512427960046546
1526,0.512427960046546,0.5274036961365358
1527,0.5274036961365358,0.5253161851439565
1528,0.5253161851439565,0.5295341458460721
1529,0.5295341458460721,0.5008291727300078
1530,0.5008291727300078,0.5113717596216976
1531,0.5113717596216976,0.5340776857862415
1532,0.5340776857862415,0.5512144719426786
1533,0.5512144719426786,0.555831974255774
1534,0.555831974255774,0.5464138147996207
1535,0.5464138147996207,0.5574282133289825
1536,0.5574282133289825,0.5594320084328381
1537,0.5594320084328381,0.5691563576076888
1538,0.5691563576076888,0.5657837327746162
1539,0.5657837327746162,0.5680571009536446
1540,0.5680571009536446,0.5625859425650194
1541,0.5625859425650194,0.5694992814821489
1542,0.5694992814821489,0.562560042697649
1543,0.562560042697649,0.544761968000145
1544,0.544761968000145,0.4901998369438428
1545,0.4901998369438428,0.4424630517254637
1546,0.4424630517254637,0.43605320557551236
1547,0.43605320557551236,0.36908730520633726
1548,0.36908730520633726,0.35655495391707204
1549,0.35655495391707204,0.42130017833997324
1550,0.42130017833997324,0.3787714180207179
1551,0.3787714180207179,0.4390595207486604
1552,0.4390595207486604,0.38723131192160787
1553,0.38723131192160787,0.3616887106564499
1554,0.3616887106564499,0.25227903490391945
1555,0.25227903490391945,0.3168605647785574
1556,0.3168605647785574,0.2483446779832571
1557,0.2483446779832571,0.12212217372845136
1558,0.12212217372845136,0.23229057883023319
1559,0.23229057883023319,0.07519067629322629
1560,0.07519067629322629,0.14332930162797108
1561,0.14332930162797108,0.07951131910436404
1562,0.07951131910436404,0.08422494642857181
1563,0.08422494642857181,0.03321991083237652
1564,0.03321991083237652,0.0
1565,0.0,0.10032522746633643
1566,0.10032522746633643,0.11319267648497566
1567,0.11319267648497566,0.18684250829423488
1568,0.18684250829423488,0.1434761207387838
1569,0.1434761207387838,0.18375529710108862
1570,0.18375529710108862,0.16279015006313724
1571,0.16279015006313724,0.10715466222016123
1572,0.10715466222016123,0.13358114336859794
1573,0.13358114336859794,0.11444977481280627
1574,0.11444977481280627,0.1979765102699672
1575,0.1979765102699672,0.19520073009635552
1576,0.19520073009635552,0.23807434166078245
1577,0.23807434166078245,0.2565300851824074
1578,0.2565300851824074,0.24224080841497742
1579,0.24224080841497742,0.28215910469277616
1580,0.28215910469277616,0.2512592379855697
1581,0.2512592379855697,0.25833145344918296
1582,0.25833145344918296,0.29371554000355193
1583,0.29371554000355193,0.26825460974416804
1584,0.26825460974416804,0.2258509999589402
1585,0.2258509999589402,0.2553339744313736
1586,0.2553339744313736,0.25388667011427046
1587,0.25388667011427046,0.2719091460124594
1588,0.2719091460124594,0.2912793697742745
1589,0.2912793697742745,0.28329556470153905
1590,0.28329556470153905,0.3192139794044745
1591,0.3192139794044745,0.30545903078561065
1592,0.30545903078561065,0.26540425562399084
1593,0.26540425562399084,0.27047418005540214
1594,0.27047418005540214,0.28212384974622207
1595,0.28212384974622207,0.27176712004098125
1596,0.27176712004098125,0.2868198266472036
1597,0.2868198266472036,0.30949684480107087
1598,0.30949684480107087,0.3089640207241575
1599,0.3089640207241575,0.27933011336256497
1600,0.27933011336256497,0.25448529976975953
1601,0.25448529976975953,0.269408037840175
1602,0.269408037840175,0.2740784206606064
1603,0.2740784206606064,0.316778701673211
1604,0.316778701673211,0.301151430557952
1605,0.301151430557952,0.3238573567224956
1606,0.3238573567224956,0.3120180926160422
1607,0.3120180926160422,0.3146380043864765
1608,0.3146380043864765,0.33139945645306945
1609,0.33139945645306945,0.3520307040464804
1610,0.3520307040464804,0.3482297471039897
1611,0.3482297471039897,0.35452708686677903
1612,0.35452708686677903,0.35930334821412
1613,0.35930334821412,0.37065947233310814
1614,0.37065947233310814,0.3901789366378481
1615,0.3901789366378481,0.3843948431580345
1616,0.3843948431580345,0.4229411840510715
1617,0.4229411840510715,0.44073263088832304
1618,0.44073263088832304,0.42787782601654933
1619,0.42787782601654933,0.4189554506947266
1620,0.4189554506947266,0.3277257408274541
1621,0.3277257408274541,0.3458781852614501
1622,0.3458781852614501,0.3573257339020096
1623,0.3573257339020096,0.384594542776183
1624,0.384594542776183,0.37845908770318404
1625,0.37845908770318404,0.37862910432487995
1626,0.37862910432487995,0.3694371559278844
1627,0.3694371559278844,0.37840108340724943
1628,0.37840108340724943,0.3841448230143544
1629,0.3841448230143544,0.3444558634512582
1630,0.3444558634512582,0.3598262056382099
1631,0.3598262056382099,0.32314555938131595
1632,0.32314555938131595,0.34369501845671446
1633,0.34369501845671446,0.3656211334064161
1634,0.3656211334064161,0.37239498529641823
1635,0.37239498529641823,0.37848526849492903
1636,0.37848526849492903,0.4016916792833445
1637,0.4016916792833445,0.3844134787290686
1638,0.3844134787290686,0.39554327427666036
1639,0.39554327427666036,0.3862118388525374
1640,0.3862118388525374,0.4013704239856697
1641,0.4013704239856697,0.3862966355138565
1642,0.3862966355138565,0.40593643235084453
1643,0.40593643235084453,0.41919378697690457
1644,0.41919378697690457,0.41318348243793324
1645,0.41318348243793324,0.416871932993262
1646,0.416871932993262,0.4292003533737938
1647,0.4292003533737938,0.4311079059542985
1648,0.4311079059542985,0.4393979007457311
1649,0.4393979007457311,0.4192508739123805
1650,0.4192508739123805,0.40888932620536034
1651,0.40888932620536034,0.4196148796524314
1652,0.4196148796524314,0.4088009098270956
1653,0.4088009098270956,0.42733362386495355
1654,0.42733362386495355,0.42073129266830067
1655,0.42073129266830067,0.4319959922657177
1656,0.4319959922657177,0.44258194117342275
1657,0.44258194117342275,0.44758923158170083
1658,0.44758923158170083,0.4571018237027321
1659,0.4571018237027321,0.46667693233465796
1660,0.46667693233465796,0.4669769174921609
1661,0.4669769174921609,0.47067982205282805
1662,0.47067982205282805,0.4570692959751095
1663,0.4570692959751095,0.4788077438798891
1664,0.4788077438798891,0.47475636835710494
1665,0.47475636835710494,0.47375678566877627
1666,0.47375678566877627,0.477435600220546
1667,0.477435600220546,0.4804646896055192
1668,0.4804646896055192,0.47255797256125526
1669,0.47255797256125526,0.4769684183100725
1670,0.4769684183100725,0.4818553761861025
1671,0.4818553761861025,0.49755792547136
1672,0.49755792547136,0.5027770904456961
1673,0.5027770904456961,0.5189560343459279
1674,0.5189560343459279,0.521036917478255
1675,0.521036917478255,0.5316084123806216
1676,0.5316084123806216,0.5271817027679933
1677,0.5271817027679933,0.5391393720359832
1678,0.5391393720359832,0.5645022499135438
1679,0.5645022499135438,0.5032400410655846
1680,0.5032400410655846,0.48899412631416955
1681,0.48899412631416955,0.44248957442894793
1682,0.44248957442894793,0.4740759004587139
1683,0.4740759004587139,0.44458629812602823
1684,0.44458629812602823,0.4447225887352679
1685,0.4447225887352679,0.4644923541080629
1686,0.4644923541080629,0.47227211075982634
1687,0.47227211075982634,0.4639899421134799
1688,0.4639899421134799,0.4495611783189222
1689,0.4495611783189222,0.4307715353527568
1690,0.4307715353527568,0.4115631962807319
1691,0.4115631962807319,0.42745341261091163
1692,0.42745341261091163,0.3888762363364865
1693,0.3888762363364865,0.3928102874703294
1694,0.3928102874703294,0.4170563290329623
1695,0.4170563290329623,0.44191378677263315
1696,0.44191378677263315,0.43342937956378746
1697,0.43342937956378746,0.4459599209945799
1698,0.4459599209945799,0.4538071296712559
1699,0.4538071296712559,0.43750110786628493
1700,0.43750110786628493,0.4657471485160199
1701,0.4657471485160199,0.44210084224391594
1702,0.44210084224391594,0.4695237096627938
1703,0.4695237096627938,0.481986916580912
1704,0.481986916580912,0.495855452359533
1705,0.495855452359533,0.5226093226044962
1706,0.5226093226044962,0.5111599641054638
1707,0.5111599641054638,0.4992437294827776
1708,0.4992437294827776,0.4959578286817355
1709,0.4959578286817355,0.49546354861905806
1710,0.49546354861905806,0.4673601206519955
1711,0.4673601206519955,0.4744372716296269
1712,0.4744372716296269,0.4700778965296725
1713,0.4700778965296725,0.477987621717243
1714,0.477987621717243,0.4829949121255211
1715,0.4829949121255211,0.4512671716979163
1716,0.4512671716979163,0.4455937747467919
1717,0.4455937747467919,0.3872821806959199
1718,0.3872821806959199,0.4053721086190212
1719,0.4053721086190212,0.38532614231080076
1720,0.38532614231080076,0.4039936428862453
1721,0.4039936428862453,0.431633085360722
1722,0.431633085360722,0.4666658103219055
1723,0.4666658103219055,0.49819925584433583
1724,0.49819925584433583,0.4969926165917289
1725,0.4969926165917289,0.5160355687692559
1726,0.5160355687692559,0.5129228810077975
1727,0.5129228810077975,0.5252608198796498
1728,0.5252608198796498,0.5073809566641333
1729,0.5073809566641333,0.529831646246604
1730,0.529831646246604,0.549211506011978
1731,0.549211506011978,0.5401255536541307
1732,0.5401255536541307,0.519314347648645
1733,0.519314347648645,0.5253710223469381
1734,0.5253710223469381,0.5129397315828033
1735,0.5129397315828033,0.521869933049712
1736,0.521869933049712,0.5489798653774017
1737,0.5489798653774017,0.545486908012081
1738,0.545486908012081,0.5489540830222699
1739,0.5489540830222699,0.540185648732913
1740,0.540185648732913,0.5591130863799716
1741,0.5591130863799716,0.5615501491072632
1742,0.5615501491072632,0.5597273931880775
1743,0.5597273931880775,0.5746020687529368
1744,0.5746020687529368,0.5704351786996837
1745,0.5704351786996837,0.5746675934071379
1746,0.5746675934071379,0.5597815894924854
1747,0.5597815894924854,0.5567892342632749
1748,0.5567892342632749,0.5538353055360616
1749,0.5538353055360616,0.5454279863556875
1750,0.5454279863556875,0.567392645319625
1751,0.567392645319625,0.5698247725328986
1752,0.5698247725328986,0.5793614546628272
1753,0.5793614546628272,0.5723499458516355
1754,0.5723499458516355,0.5646549858611909
1755,0.5646549858611909,0.5602475482556805
1756,0.5602475482556805,0.5608507149885742
1757,0.5608507149885742,0.5664116055525363
1758,0.5664116055525363,0.5812381010996013
1759,0.5812381010996013,0.5765129104011232
1760,0.5765129104011232,0.5781990699242495
1761,0.5781990699242495,0.5890449559035686
1762,0.5890449559035686,0.5616490691246563
1763,0.5616490691246563,0.5735443393939903
1764,0.5735443393939903,0.5830664500063423
1765,0.5830664500063423,0.6091320510702731
1766,0.6091320510702731,0.6184664946377028
1767,0.6184664946377028,0.6056791417908416
1768,0.6056791417908416,0.6057190723644921
1769,0.6057190723644921,0.6091621573657837
1770,0.6091621573657837,0.6015586218969105
1771,0.6015586218969105,0.5877026127529164
1772,0.5877026127529164,0.60173966108158
1773,0.60173966108158,0.6265008762979001
1774,0.6265008762979001,0.6263675938319669
1775,0.6263675938319669,0.6200636262089254
1776,0.6200636262089254,0.6260288763856472
1777,0.6260288763856472,0.6225455550238854
1778,0.6225455550238854,0.5742455336462631
1779,0.5742455336462631,0.5911464727399836
1780,0.5911464727399836,0.5552215476890343
1781,0.5552215476890343,0.5831980152635963
1782,0.5831980152635963,0.607723265904961
1783,0.607723265904961,0.6088606432741828
1784,0.6088606432741828,0.6281490785179854
1785,0.6281490785179854,0.6346919013470502
1786,0.6346919013470502,0.647814469435524
1787,0.647814469435524,0.6449953272458973
1788,0.6449953272458973,0.6436249934450271
1789,0.6436249934450271,0.6460331481616421
1790,0.6460331481616421,0.6541932919295061
1791,0.6541932919295061,0.6523946260192176
1792,0.6523946260192176,0.6510676542343625
1793,0.6510676542343625,0.6419912203678355
1794,0.6419912203678355,0.6377762678090265
1795,0.6377762678090265,0.6225148122922912
1796,0.6225148122922912,0.624138455304523
1797,0.624138455304523,0.6446252803567888
1798,0.6446252803567888,0.5976538523479134
1799,0.5976538523479134,0.5881778768704062
1800,0.5881778768704062,0.6310996684526278
1801,0.6310996684526278,0.6152028242621956
1802,0.6152028242621956,0.5901414356137917
1803,0.5901414356137917,0.5647527753810996
1804,0.5647527753810996,0.5993955947348621
1805,0.5993955947348621,0.5887645914649074
1806,0.5887645914649074,0.6140791718124348
1807,0.6140791718124348,0.6246074222110249
1808,0.6246074222110249,0.6433952553187174
1809,0.6433952553187174,0.6446000847128515
1810,0.6446000847128515,0.6562015743858768
1811,0.6562015743858768,0.6524824059613984
1812,0.6524824059613984,0.6572539668191986
1813,0.6572539668191986,0.6282985751228405
1814,0.6282985751228405,0.6264422107034369
1815,0.6264422107034369,0.6389534801271113
1816,0.6389534801271113,0.6237593591230499
1817,0.6237593591230499,0.6127479687369948
1818,0.6127479687369948,0.6218370467503873
1819,0.6218370467503873,0.6524126500166124
1820,0.6524126500166124,0.6500315934522014
1821,0.6500315934522014,0.6432752037108442
1822,0.6432752037108442,0.6494569114309265
1823,0.6494569114309265,0.6713494178804102
1824,0.6713494178804102,0.6985652287350095
1825,0.6985652287350095,0.6959338711025433
1826,0.6959338711025433,0.6981061787564418
1827,0.6981061787564418,0.7056741783543858
1828,0.7056741783543858,0.7201781028067035
1829,0.7201781028067035,0.7190679411019242
1830,0.7190679411019242,0.7248933517148031
1831,0.7248933517148031,0.7160240919247931
1832,0.7160240919247931,0.7373291546938979
1833,0.7373291546938979,0.7438528230280834
1834,0.7438528230280834,0.7324417735188097
1835,0.7324417735188097,0.7180900977527234
1836,0.7180900977527234,0.7358911805935341
1837,0.7358911805935341,0.716668387516171
1838,0.716668387516171,0.7376991767205618
1839,0.7376991767205618,0.7405646890695102
1840,0.7405646890695102,0.7394110478364775
1841,0.7394110478364775,0.7369866292560513
1842,0.7369866292560513,0.7498829862853672
1843,0.7498829862853672,0.7345780512403781
1844,0.7345780512403781,0.7393881561124137
1845,0.7393881561124137,0.7251904213787934
1846,0.7251904213787934,0.7258800771192404
1847,0.7258800771192404,0.7415393819007213
1848,0.7415393819007213,0.7557304887740893
1849,0.7557304887740893,0.7337496834585793
1850,0.7337496834585793,0.7155424311465365
1851,0.7155424311465365,0.6719546505337071
1852,0.6719546505337071,0.6950407287898743
1853,0.6950407287898743,0.723849888086614
1854,0.723849888086614,0.7180465225996824
1855,0.7180465225996824,0.7002580839057375
1856,0.7002580839057375,0.693689478721541
1857,0.693689478721541,0.7138779402001952
1858,0.7138779402001952,0.7115881906451169
1859,0.7115881906451169,0.7306936593335387
1860,0.7306936593335387,0.7256797410650082
1861,0.7256797410650082,0.7287426739746762
1862,0.7287426739746762,0.7303757179659899
1863,0.7303757179659899,0.7312099137598208
1864,0.7312099137598208,0.7294931538797833
1865,0.7294931538797833,0.7316991875461378
1866,0.7316991875461378,0.7236287759536106
1867,0.7236287759536106,0.7407367716116094
1868,0.7407367716116094,0.7383941415491956
1869,0.7383941415491956,0.7380297125100868
1870,0.7380297125100868,0.7335981848956787
1871,0.7335981848956787,0.7423263828245655
1872,0.7423263828245655,0.745581565756458
1873,0.745581565756458,0.7485721111271955
1874,0.7485721111271955,0.7437314058982487
1875,0.7437314058982487,0.7319934373414025
1876,0.7319934373414025,0.730387138965577
1877,0.730387138965577,0.7029963052129212
1878,0.7029963052129212,0.730356538608666
1879,0.730356538608666,0.7400567977746193
1880,0.7400567977746193,0.7371221410545239
1881,0.7371221410545239,0.7482666256319312
1882,0.7482666256319312,0.7543858168411188
1883,0.7543858168411188,0.7584351474809534
1884,0.7584351474809534,0.7582874110096818
1885,0.7582874110096818,0.7603105956328936
1886,0.7603105956328936,0.7703911244027091
1887,0.7703911244027091,0.7852656824553298
1888,0.7852656824553298,0.7803095802081531
1889,0.7803095802081531,0.7866116204604834
1890,0.7866116204604834,0.767932674023007
1891,0.767932674023007,0.7906673906859889
1892,0.7906673906859889,0.7972053955132743
1893,0.7972053955132743,0.789062831406294
1894,0.789062831406294,0.7907922354331969
1895,0.7907922354331969,0.783203153969662
1896,0.783203153969662,0.7666615201264515
1897,0.7666615201264515,0.7328881266506294
1898,0.7328881266506294,0.7632470373490172
1899,0.7632470373490172,0.7796762823173042
1900,0.7796762823173042,0.7831867018312697
1901,0.7831867018312697,0.8037939769280218
1902,0.8037939769280218,0.8081321526501473
1903,0.8081321526501473,0.7973808168479445
1904,0.7973808168479445,0.7962657196291473
1905,0.7962657196291473,0.8044545363832111
1906,0.8044545363832111,0.7922350026728955
1907,0.7922350026728955,0.7876159255258042
1908,0.7876159255258042,0.8042183835336748
1909,0.8042183835336748,0.7936355602815148
1910,0.7936355602815148,0.8056414095672995
1911,0.8056414095672995,0.808492350398671
1912,0.808492350398671,0.8057647502428542
1913,0.8057647502428542,0.8071620646836899
1914,0.8071620646836899,0.8091659772997839
1915,0.8091659772997839,0.817311549550071
1916,0.817311549550071,0.8200421578491944
1917,0.8200421578491944,0.8249580237359014
1918,0.8249580237359014,0.8090131170399133
1919,0.8090131170399133,0.7852802042480175
1920,0.7852802042480175,0.7872213653287399
1921,0.7872213653287399,0.8037662423397343
1922,0.8037662423397343,0.821268844094695
1923,0.821268844094695,0.8237733588468992
1924,0.8237733588468992,0.8278468970078694
1925,0.8278468970078694,0.8145203980106622
1926,0.8145203980106622,0.8327499304731297
1927,0.8327499304731297,0.8413768328524093
1928,0.8413768328524093,0.8377154804492843
1929,0.8377154804492843,0.837673504992684
1930,0.837673504992684,0.8431430885473136
1931,0.8431430885473136,0.8416909662284311
1932,0.8416909662284311,0.8335578031005323
1933,0.8335578031005323,0.829968603211861
1934,0.829968603211861,0.819241239906317
1935,0.819241239906317,0.8018187343231341
1936,0.8018187343231341,0.8059836970056758
1937,0.8059836970056758,0.7929025635625058
1938,0.7929025635625058,0.8103043398168134
1939,0.8103043398168134,0.8062385102886906
1940,0.8062385102886906,0.7858991159208772
1941,0.7858991159208772,0.7489535970783512
1942,0.7489535970783512,0.7465291784979249
1943,0.7465291784979249,0.7657599152326126
1944,0.7657599152326126,0.7907134979833955
1945,0.7907134979833955,0.7931216527000107
1946,0.7931216527000107,0.7864470514766657
1947,0.7864470514766657,0.7421758196845836
1948,0.7421758196845836,0.7447428509476823
1949,0.7447428509476823,0.7190317371324816
1950,0.7190317371324816,0.7421370873957669
1951,0.7421370873957669,0.7141828999716293
1952,0.7141828999716293,0.735247532700715
1953,0.735247532700715,0.7431089603582522
1954,0.7431089603582522,0.7598174144052711
1955,0.7598174144052711,0.755044161201237
1956,0.755044161201237,0.7398116136951784
1957,0.7398116136951784,0.7340178842118058
1958,0.7340178842118058,0.7396268372813243
1959,0.7396268372813243,0.7747461687623
1960,0.7747461687623,0.7899626874290242
1961,0.7899626874290242,0.7965053927458506
1962,0.7965053927458506,0.8117505843987746
1963,0.8117505843987746,0.8190009484159896
1964,0.8190009484159896,0.8248216585393277
1965,0.8248216585393277,0.8217523327938843
1966,0.8217523327938843,0.8314189834596198
1967,0.8314189834596198,0.8346983739126481
1968,0.8346983739126481,0.8228544093166537
1969,0.8228544093166537,0.8436685059532074
1970,0.8436685059532074,0.8472607139851853
1971,0.8472607139851853,0.8505304684346546
1972,0.8505304684346546,0.85798295350213
1973,0.85798295350213,0.871663822235829
1974,0.871663822235829,0.8803245681398034
1975,0.8803245681398034,0.8880127827577571
1976,0.8880127827577571,0.8892996356943805
1977,0.8892996356943805,0.8806611699408307
1978,0.8806611699408307,0.8613901968456731
1979,0.8613901968456731,0.8619019390569954
1980,0.8619019390569954,0.8773445512706389
1981,0.8773445512706389,0.8765998526276678
1982,0.8765998526276678,0.8845914838454891
1983,0.8845914838454891,0.877984334647057
1984,0.877984334647057,0.8849026090782045
1985,0.8849026090782045,0.8810149281036834
1986,0.8810149281036834,0.8730648490434043
1987,0.8730648490434043,0.8760796019352776
1988,0.8760796019352776,0.880538110189651
1989,0.880538110189651,0.8283923832941079
1990,0.8283923832941079,0.8568645174907621
1991,0.8568645174907621,0.8136570064817948
1992,0.8136570064817948,0.7869639604014916
1993,0.7869639604014916,0.8170775055458425
1994,0.8170775055458425,0.7977440159397902
1995,0.7977440159397902,0.8226494186727784
1996,0.8226494186727784,0.8676938338194502
1997,0.8676938338194502,0.8739333575608862
1998,0.8739333575608862,0.8569632740960188
1999,0.8569632740960188,0.87769558221456
2000,0.87769558221456,0.8562539230493957
2001,0.8562539230493957,0.8387444584097055
2002,0.8387444584097055,0.8744896600730574
2003,0.8744896600730574,0.8539479096305063
2004,0.8539479096305063,0.8301092358239394
2005,0.8301092358239394,0.8040610969086532
2006,0.8040610969086532,0.8424294067603268
2007,0.8424294067603268,0.8644903082476152
2008,0.8644903082476152,0.8778390873952466
2009,0.8778390873952466,0.9085975397046143
2010,0.9085975397046143,0.9055474859662889
2011,0.9055474859662889,0.908056701208034
2012,0.908056701208034,0.9004387117338225
2013,0.9004387117338225,0.8936776215029244
2014,0.8936776215029244,0.9075798832940016
2015,0.9075798832940016,0.9054057657816305
2016,0.9054057657816305,0.8599408446706264
2017,0.8599408446706264,0.8570397964507489
2018,0.8570397964507489,0.8471643968745005
2019,0.8471643968745005,0.843199862895985
2020,0.843199862895985,0.8630705712816718
2021,0.8630705712816718,0.8687422758865619
2022,0.8687422758865619,0.8356184900652978
2023,0.8356184900652978,0.8367368304518785
2024,0.8367368304518785,0.794746981258492
2025,0.794746981258492,0.7726794519109514
2026,0.7726794519109514,0.7478781178464
2027,0.7478781178464,0.7063456262853469
2028,0.7063456262853469,0.711492521232991
2029,0.711492521232991,0.6849343792025128
2030,0.6849343792025128,0.6810756062386685
2031,0.6810756062386685,0.6690821660752724
2032,0.6690821660752724,0.7190651505581336
2033,0.7190651505581336,0.7586318502182701
2034,0.7586318502182701,0.7728278926056561
2035,0.7728278926056561,0.7927275090020196
2036,0.7927275090020196,0.7381269514437204
2037,0.7381269514437204,0.7485202977924854
2038,0.7485202977924854,0.7397810065382823
2039,0.7397810065382823,0.7571921837716717
2040,0.7571921837716717,0.7880662681237469
2041,0.7880662681237469,0.7473471962777536
2042,0.7473471962777536,0.705501887137751
2043,0.705501887137751,0.696613120316146
2044,0.696613120316146,0.7292968931414829
2045,0.7292968931414829,0.7304728145249404
2046,0.7304728145249404,0.6841462936810819
2047,0.6841462936810819,0.6683170190278009
2048,0.6683170190278009,0.6463648866984906
2049,0.6463648866984906,0.6074942823644722
2050,0.6074942823644722,0.6371939494047433
2051,0.6371939494047433,0.6826569431450359
2052,0.6826569431450359,0.6767814251436509
2053,0.6767814251436509,0.643484426282803
2054,0.643484426282803,0.6814052495301791
2055,0.6814052495301791,0.6695901929448618
2056,0.6695901929448618,0.6522059963514375
2057,0.6522059963514375,0.5899810097332553
2058,0.5899810097332553,0.5746330652089666
2059,0.5746330652089666,0.6255013868968642
2060,0.6255013868968642,0.6159437404135832
2061,0.6159437404135832,0.5886490316720396
2062,0.5886490316720396,0.5729109465158528
2063,0.5729109465158528,0.6151926489348368
2064,0.6151926489348368,0.6603957056035155
2065,0.6603957056035155,0.6855756169256948
2066,0.6855756169256948,0.7096196549503058
2067,0.7096196549503058,0.7079654115811627
2068,0.7079654115811627,0.7315182484487452
2069,0.7315182484487452,0.7041466867032076
2070,0.7041466867032076,0.7341927798226456
2071,0.7341927798226456,0.7444947016498393
2072,0.7444947016498393,0.759398167713137
2073,0.759398167713137,0.7856707078291079
2074,0.7856707078291079,0.7709194904520419
2075,0.7709194904520419,0.735523958035641
2076,0.735523958035641,0.742239876392051
2077,0.742239876392051,0.7592228390282608
2078,0.7592228390282608,0.7308162294858078
2079,0.7308162294858078,0.70893154918141
2080,0.70893154918141,0.7173852385211058
2081,0.7173852385211058,0.7109223943515803
2082,0.7109223943515803,0.673741145958576
2083,0.673741145958576,0.6657623939120973
2084,0.6657623939120973,0.6886942961113218
2085,0.6886942961113218,0.6619819780239007
2086,0.6619819780239007,0.6608283367908678
2087,0.6608283367908678,0.6940512557665507
2088,0.6940512557665507,0.6920024063004458
2089,0.6920024063004458,0.6596151871902471
2090,0.6596151871902471,0.600230001328224
2091,0.600230001328224,0.6112252453627065
2092,0.6112252453627065,0.5523023526470351
2093,0.5523023526470351,0.5557982006434239
2094,0.5557982006434239,0.6049146498794126
2095,0.6049146498794126,0.5293137151990523
2096,0.5293137151990523,0.539880274587401
2097,0.539880274587401,0.548834566063207
2098,0.548834566063207,0.6081311005224883
2099,0.6081311005224883,0.5336227946359198
2100,0.5336227946359198,0.5215764739651878
2101,0.5215764739651878,0.4572723433108088
2102,0.4572723433108088,0.4612737289573259
2103,0.4612737289573259,0.4288479658328913
2104,0.4288479658328913,0.42567276156053824
2105,0.42567276156053824,0.4701057605301722
2106,0.4701057605301722,0.46174180336581333
2107,0.46174180336581333,0.49993208217612406
2108,0.49993208217612406,0.4197102137403035
2109,0.4197102137403035,0.4079721276712187
2110,0.4079721276712187,0.40752602762633594
2111,0.40752602762633594,0.44164897283687055
2112,0.44164897283687055,0.42539594905147393
2113,0.42539594905147393,0.44260500523460294
2114,0.44260500523460294,0.47996259232273586
2115,0.47996259232273586,0.5275677166590735
2116,0.5275677166590735,0.5142891626551841
2117,0.5142891626551841,0.49868598154882254
2118,0.49868598154882254,0.5343491596696849
2119,0.5343491596696849,0.5007635507510233
2120,0.5007635507510233,0.5062474707987528
2121,0.5062474707987528,0.5244191872398666
2122,0.5244191872398666,0.5020820848171532
2123,0.5020820848171532,0.45421533106296685
2124,0.45421533106296685,0.3971984868561469
2125,0.3971984868561469,0.3236863322155422
2126,0.3236863322155422,0.31615506677336114
2127,0.31615506677336114,0.34167188568338724
2128,0.34167188568338724,0.28164191016858586
2129,0.28164191016858586,0.2848057860911455
2130,0.2848057860911455,0.32738091656972246
2131,0.32738091656972246,0.32430183730848194
2132,0.32430183730848194,0.3408322603141377
2133,0.3408322603141377,0.3959508821571922
2134,0.3959508821571922,0.38963257804105056
2135,0.38963257804105056,0.3510987637826406
2136,0.3510987637826406,0.3490690688114152
2137,0.3490690688114152,0.33224799086499557
2138,0.33224799086499557,0.35075673240619487
2139,0.35075673240619487,0.3529530125567517
2140,0.3529530125567517,0.358822020210123
2141,0.358822020210123,0.38579728351246456
2142,0.38579728351246456,0.3835171699609452
2143,0.3835171699609452,0.3611609130433524
2144,0.3611609130433524,0.3432906858313949
2145,0.3432906858313949,0.33437794651313135
2146,0.33437794651313135,0.32817022141344043
2147,0.32817022141344043,0.36248095118113566
2148,0.36248095118113566,0.3462087729008595
2149,0.3462087729008595,0.39643218742373976
2150,0.39643218742373976,0.40688334979385843
2151,0.40688334979385843,0.4249588237116214
2152,0.4249588237116214,0.40627505927236574
2153,0.40627505927236574,0.40806239683286083
2154,0.40806239683286083,0.3853017803025086
2155,0.3853017803025086,0.43394653541306416
2156,0.43394653541306416,0.4567244965798227
2157,0.4567244965798227,0.48385381842686864
2158,0.48385381842686864,0.47752094279315016
2159,0.47752094279315016,0.46359278113470287
2160,0.46359278113470287,0.4936677822648178
2161,0.4936677822648178,0.49139260422731645
2162,0.49139260422731645,0.4874231347347829
2163,0.4874231347347829,0.48423347645709147
2164,0.48423347645709147,0.475046463574114
2165,0.475046463574114,0.5165723272749146
2166,0.5165723272749146,0.5144221822592023
2167,0.5144221822592023,0.5487809745324536
2168,0.5487809745324536,0.556238395113947
2169,0.556238395113947,0.5593974530347274
2170,0.5593974530347274,0.5436786398856585
2171,0.5436786398856585,0.5476271450248396
2172,0.5476271450248396,0.5203082287621601
2173,0.5203082287621601,0.4760322964805371
2174,0.4760322964805371,0.470854566151505
2175,0.470854566151505,0.47592930858469557
2176,0.47592930858469557,0.5032944774944581
2177,0.5032944774944581,0.4344849276150876
2178,0.4344849276150876,0.4207445505138008
2179,0.4207445505138008,0.39862884114846575
2180,0.39862884114846575,0.3829101455116354
2181,0.3829101455116354,0.3878934634232546
2182,0.3878934634232546,0.36667307980323016
2183,0.36667307980323016,0.3582175806050616
2184,0.3582175806050616,0.39199891773820816
2185,0.39199891773820816,0.40394213300086
2186,0.40394213300086,0.43266950377958713
2187,0.43266950377958713,0.4526702982133195
2188,0.4526702982133195,0.3664077131561976
2189,0.3664077131561976,0.372098572255967
2190,0.372098572255967,0.3498819198777402
2191,0.3498819198777402,0.33567454914056083
2192,0.33567454914056083,0.34773809693546054
2193,0.34773809693546054,0.32585835214508074
2194,0.32585835214508074,0.2933700725097518
2195,0.2933700725097518,0.2772759252708388
2196,0.2772759252708388,0.24538449029497067
2197,0.24538449029497067,0.22628202974985567
2198,0.22628202974985567,0.22183123012832995
2199,0.22183123012832995,0.25564617576169435
2200,0.25564617576169435,0.21710754350150496
2201,0.21710754350150496,0.18998616531178358
2202,0.18998616531178358,0.23393783415242542
2203,0.23393783415242542,0.28736698254222726
2204,0.28736698254222726,0.28296436293849614
2205,0.28296436293849614,0.26358751131642877
2206,0.26358751131642877,0.21239469116307275
2207,0.21239469116307275,0.19854831802263762
2208,0.19854831802263762,0.186492596372824
2209,0.186492596372824,0.1800875682246521
2210,0.1800875682246521,0.22407296307774993
2211,0.22407296307774993,0.18155383876205344
